category_name_en,week,units_sold,revenue,avg_price,month,week_of_year
agro_industry_and_commerce,2017-01-23,2,43.98,21.99,1,4
agro_industry_and_commerce,2017-01-30,2,43.98,21.99,1,5
agro_industry_and_commerce,2017-02-06,2,114.89,57.445,2,6
agro_industry_and_commerce,2017-02-13,3,65.97,21.99,2,7
agro_industry_and_commerce,2017-02-20,1,21.99,21.99,2,8
agro_industry_and_commerce,2017-03-13,1,59.99,59.99,3,11
agro_industry_and_commerce,2017-03-20,1,22.0,22.0,3,12
agro_industry_and_commerce,2017-05-01,1,59.99,59.99,5,18
agro_industry_and_commerce,2017-05-08,1,589.99,589.99,5,19
agro_industry_and_commerce,2017-05-15,1,869.97,869.97,5,20
agro_industry_and_commerce,2017-05-22,1,59.99,59.99,5,21
agro_industry_and_commerce,2017-06-26,1,1390.0,1390.0,6,26
agro_industry_and_commerce,2017-07-10,1,1180.0,1180.0,7,28
agro_industry_and_commerce,2017-08-28,4,88.0,22.0,8,35
agro_industry_and_commerce,2017-09-04,1,398.0,398.0,9,36
agro_industry_and_commerce,2017-09-11,1,799.99,799.99,9,37
agro_industry_and_commerce,2017-09-18,2,796.0,398.0,9,38
agro_industry_and_commerce,2017-10-02,1,35.0,35.0,10,40
agro_industry_and_commerce,2017-10-09,1,22.0,22.0,10,41
agro_industry_and_commerce,2017-10-16,1,849.98,849.98,10,42
agro_industry_and_commerce,2017-10-23,2,2443.3,1221.65,10,43
agro_industry_and_commerce,2017-11-06,2,1334.99,667.495,11,45
agro_industry_and_commerce,2017-11-13,4,1610.0,402.5,11,46
agro_industry_and_commerce,2017-11-20,11,10549.6,959.0545454545455,11,47
agro_industry_and_commerce,2017-11-27,3,862.9,287.6333333333333,11,48
agro_industry_and_commerce,2017-12-04,4,1193.9,298.475,12,49
agro_industry_and_commerce,2017-12-18,3,3019.0,1006.3333333333334,12,51
agro_industry_and_commerce,2017-12-25,3,653.8,217.9333333333333,12,52
agro_industry_and_commerce,2018-01-01,4,2378.0,594.5,1,1
agro_industry_and_commerce,2018-01-08,4,1657.44,414.36,1,2
agro_industry_and_commerce,2018-01-15,6,916.0,152.66666666666666,1,3
agro_industry_and_commerce,2018-01-22,2,78.0,39.0,1,4
agro_industry_and_commerce,2018-01-29,6,1702.5,283.75,1,5
agro_industry_and_commerce,2018-02-05,8,1939.3,242.4125,2,6
agro_industry_and_commerce,2018-02-12,3,1373.0,457.6666666666667,2,7
agro_industry_and_commerce,2018-02-19,4,1347.5,336.875,2,8
agro_industry_and_commerce,2018-02-26,9,1901.5,211.27777777777777,2,9
agro_industry_and_commerce,2018-03-05,5,1293.0,258.6,3,10
agro_industry_and_commerce,2018-03-12,6,914.0,152.33333333333334,3,11
agro_industry_and_commerce,2018-03-19,8,1469.5,183.6875,3,12
agro_industry_and_commerce,2018-03-26,5,1430.0,286.0,3,13
agro_industry_and_commerce,2018-04-02,3,935.5,311.8333333333333,4,14
agro_industry_and_commerce,2018-04-09,2,637.0,318.5,4,15
agro_industry_and_commerce,2018-04-16,3,2116.3,705.4333333333334,4,16
agro_industry_and_commerce,2018-04-23,4,811.9,202.975,4,17
agro_industry_and_commerce,2018-04-30,1,45.0,45.0,4,18
agro_industry_and_commerce,2018-05-07,5,2340.75,468.15,5,19
agro_industry_and_commerce,2018-05-14,1,429.0,429.0,5,20
agro_industry_and_commerce,2018-05-28,1,465.0,465.0,5,22
agro_industry_and_commerce,2018-06-04,2,1713.0,856.5,6,23
agro_industry_and_commerce,2018-06-11,2,295.0,147.5,6,24
agro_industry_and_commerce,2018-06-18,3,634.0,211.33333333333334,6,25
agro_industry_and_commerce,2018-06-25,3,873.8,291.26666666666665,6,26
agro_industry_and_commerce,2018-07-02,2,613.9,306.95,7,27
agro_industry_and_commerce,2018-07-16,13,3236.66,248.97384615384615,7,29
agro_industry_and_commerce,2018-07-23,10,2737.54,273.754,7,30
agro_industry_and_commerce,2018-07-30,9,3209.12,356.56888888888886,7,31
agro_industry_and_commerce,2018-08-06,4,833.7,208.425,8,32
agro_industry_and_commerce,2018-08-13,1,23.9,23.9,8,33
agro_industry_and_commerce,2018-08-20,6,1036.09,172.68166666666664,8,34
air_conditioning,2016-10-03,8,1349.29,168.66125,10,40
air_conditioning,2017-01-23,4,663.7,165.925,1,4
air_conditioning,2017-02-06,1,109.0,109.0,2,6
air_conditioning,2017-02-13,8,1856.4,232.05,2,7
air_conditioning,2017-02-20,2,439.9,219.95,2,8
air_conditioning,2017-02-27,2,889.98,444.99,2,9
air_conditioning,2017-03-06,5,2324.73,464.946,3,10
air_conditioning,2017-03-13,5,589.6,117.92,3,11
air_conditioning,2017-03-20,3,179.7,59.9,3,12
air_conditioning,2017-03-27,4,239.6,59.9,3,13
air_conditioning,2017-04-03,4,318.6,79.65,4,14
air_conditioning,2017-04-10,3,1426.73,475.57666666666665,4,15
air_conditioning,2017-04-17,4,427.8,106.95,4,16
air_conditioning,2017-04-24,2,199.3,99.65,4,17
air_conditioning,2017-05-01,3,377.0,125.66666666666667,5,18
air_conditioning,2017-05-08,2,411.89,205.945,5,19
air_conditioning,2017-05-15,1,25.99,25.99,5,20
air_conditioning,2017-05-29,1,99.99,99.99,5,22
air_conditioning,2017-06-05,5,730.6899999999999,146.13799999999998,6,23
air_conditioning,2017-06-12,1,25.99,25.99,6,24
air_conditioning,2017-06-19,3,423.9,141.29999999999998,6,25
air_conditioning,2017-06-26,2,903.9000000000001,451.95000000000005,6,26
air_conditioning,2017-07-03,1,10.9,10.9,7,27
air_conditioning,2017-07-10,1,125.9,125.9,7,28
air_conditioning,2017-07-17,2,1032.4,516.2,7,29
air_conditioning,2017-07-31,4,680.67,170.1675,7,31
air_conditioning,2017-08-07,3,378.9,126.3,8,32
air_conditioning,2017-08-14,3,630.06,210.01999999999998,8,33
air_conditioning,2017-08-21,2,1589.96,794.98,8,34
air_conditioning,2017-08-28,4,1219.04,304.76,8,35
air_conditioning,2017-09-04,3,374.26,124.75333333333333,9,36
air_conditioning,2017-09-11,2,335.9,167.95,9,37
air_conditioning,2017-09-25,2,918.99,459.495,9,39
air_conditioning,2017-10-02,4,890.52,222.63,10,40
air_conditioning,2017-10-09,4,1144.9,286.225,10,41
air_conditioning,2017-10-16,4,527.0,131.75,10,42
air_conditioning,2017-10-30,2,175.9,87.95,10,44
air_conditioning,2017-11-06,3,569.79,189.92999999999998,11,45
air_conditioning,2017-11-13,6,1026.88,171.14666666666668,11,46
air_conditioning,2017-11-20,5,1912.1,382.41999999999996,11,47
air_conditioning,2017-11-27,4,561.85,140.4625,11,48
air_conditioning,2017-12-04,2,498.9,249.45,12,49
air_conditioning,2018-01-01,2,448.9,224.45,1,1
air_conditioning,2018-01-08,5,1693.7,338.74,1,2
air_conditioning,2018-01-15,7,938.69,134.09857142857143,1,3
air_conditioning,2018-01-22,11,1291.65,117.42272727272729,1,4
air_conditioning,2018-01-29,5,500.8,100.16,1,5
air_conditioning,2018-02-05,1,189.9,189.9,2,6
air_conditioning,2018-02-12,4,637.7,159.425,2,7
air_conditioning,2018-02-19,4,1013.89,253.4725,2,8
air_conditioning,2018-02-26,4,657.1999999999999,164.29999999999998,2,9
air_conditioning,2018-03-05,2,284.0,142.0,3,10
air_conditioning,2018-03-12,7,831.7,118.81428571428572,3,11
air_conditioning,2018-03-19,9,911.49,101.27666666666667,3,12
air_conditioning,2018-03-26,4,409.69,102.4225,3,13
air_conditioning,2018-04-02,7,1357.5,193.92857142857142,4,14
air_conditioning,2018-04-09,4,407.78999999999996,101.94749999999999,4,15
air_conditioning,2018-04-16,3,515.9,171.96666666666667,4,16
air_conditioning,2018-04-23,8,841.6,105.2,4,17
air_conditioning,2018-04-30,2,173.9,86.95,4,18
air_conditioning,2018-05-07,5,798.0,159.6,5,19
air_conditioning,2018-05-14,7,919.4,131.34285714285713,5,20
air_conditioning,2018-05-21,1,99.0,99.0,5,21
air_conditioning,2018-06-04,9,1564.8,173.86666666666667,6,23
air_conditioning,2018-06-11,4,1925.9,481.475,6,24
air_conditioning,2018-06-18,1,46.2,46.2,6,25
air_conditioning,2018-06-25,2,130.0,65.0,6,26
air_conditioning,2018-07-02,2,354.78,177.39,7,27
air_conditioning,2018-07-09,2,315.0,157.5,7,28
air_conditioning,2018-07-16,3,562.1,187.36666666666667,7,29
air_conditioning,2018-07-23,7,1047.99,149.71285714285713,7,30
air_conditioning,2018-07-30,11,1578.39,143.49,7,31
air_conditioning,2018-08-06,3,808.9,269.6333333333333,8,32
air_conditioning,2018-08-13,4,939.9,234.975,8,33
air_conditioning,2018-08-20,5,508.7,101.74,8,34
art,2017-02-27,1,9.0,9.0,2,9
art,2017-03-13,1,28.0,28.0,3,11
art,2017-03-20,2,137.6,68.8,3,12
art,2017-04-24,1,119.9,119.9,4,17
art,2017-05-01,1,69.9,69.9,5,18
art,2017-05-15,2,189.8,94.9,5,20
art,2017-05-22,2,6618.9,3309.45,5,21
art,2017-05-29,1,48.65,48.65,5,22
art,2017-06-05,3,110.3,36.766666666666666,6,23
art,2017-06-12,1,90.0,90.0,6,24
art,2017-07-03,2,276.75,138.375,7,27
art,2017-07-10,1,110.0,110.0,7,28
art,2017-08-07,2,154.9,77.45,8,32
art,2017-08-21,1,44.9,44.9,8,34
art,2017-08-28,1,44.9,44.9,8,35
art,2017-09-04,1,299.99,299.99,9,36
art,2017-09-18,1,48.65,48.65,9,38
art,2017-09-25,1,39.9,39.9,9,39
art,2017-10-02,2,229.05,114.525,10,40
art,2017-10-09,1,120.0,120.0,10,41
art,2017-11-27,1,75.0,75.0,11,48
art,2017-12-04,1,49.9,49.9,12,49
art,2017-12-11,1,5.35,5.35,12,50
art,2017-12-18,1,60.0,60.0,12,51
art,2018-01-01,3,389.97,129.99,1,1
art,2018-01-08,2,279.98,139.99,1,2
art,2018-01-15,9,1168.8200000000002,129.8688888888889,1,3
art,2018-01-22,2,149.0,74.5,1,4
art,2018-01-29,3,553.0,184.33333333333334,1,5
art,2018-02-05,7,723.8499999999999,103.40714285714284,2,6
art,2018-02-12,1,110.99,110.99,2,7
art,2018-02-19,3,270.88,90.29333333333334,2,8
art,2018-02-26,1,110.99,110.99,2,9
art,2018-03-05,1,125.0,125.0,3,10
art,2018-03-12,1,89.9,89.9,3,11
art,2018-03-19,4,234.6,58.65,3,12
art,2018-03-26,1,12.0,12.0,3,13
art,2018-04-02,5,470.9,94.17999999999999,4,14
art,2018-04-09,4,248.4,62.1,4,15
art,2018-04-16,6,427.37,71.22833333333334,4,16
art,2018-04-23,9,848.8199999999999,94.31333333333333,4,17
art,2018-04-30,9,696.6399999999999,77.40444444444444,4,18
art,2018-05-07,11,678.27,61.66090909090909,5,19
art,2018-05-14,12,977.88,81.49,5,20
art,2018-05-21,3,184.07,61.35666666666666,5,21
art,2018-05-28,4,398.70000000000005,99.67500000000001,5,22
art,2018-06-04,2,199.8,99.9,6,23
art,2018-06-11,10,864.72,86.47200000000001,6,24
art,2018-06-18,6,498.97,83.16166666666668,6,25
art,2018-06-25,8,682.93,85.36625,6,26
art,2018-07-02,5,438.96,87.792,7,27
art,2018-07-09,8,799.92,99.99,7,28
art,2018-07-16,3,299.96999999999997,99.99,7,29
art,2018-07-23,3,189.27999999999997,63.09333333333333,7,30
art,2018-07-30,9,698.92,77.65777777777777,7,31
art,2018-08-06,6,489.96999999999997,81.66166666666666,8,32
art,2018-08-13,2,167.49,83.745,8,33
art,2018-08-20,1,97.5,97.5,8,34
art,2018-08-27,1,97.5,97.5,8,35
arts_and_craftmanship,2017-05-08,1,21.99,21.99,5,19
arts_and_craftmanship,2017-07-10,1,129.9,129.9,7,28
arts_and_craftmanship,2018-04-16,1,15.99,15.99,4,16
arts_and_craftmanship,2018-04-30,1,89.8,89.8,4,18
arts_and_craftmanship,2018-07-16,3,268.78000000000003,89.59333333333335,7,29
arts_and_craftmanship,2018-07-23,7,335.89,47.98428571428571,7,30
arts_and_craftmanship,2018-07-30,3,92.9,30.96666666666667,7,31
arts_and_craftmanship,2018-08-13,3,269.46999999999997,89.82333333333332,8,33
arts_and_craftmanship,2018-08-20,4,589.29,147.3225,8,34
audio,2016-10-03,1,132.0,132.0,10,40
audio,2016-10-10,1,24.99,24.99,10,41
audio,2017-01-30,1,29.9,29.9,1,5
audio,2017-02-13,2,69.9,34.95,2,7
audio,2017-02-20,1,19.0,19.0,2,8
audio,2017-02-27,1,45.0,45.0,2,9
audio,2017-03-06,8,675.9,84.4875,3,10
audio,2017-03-13,2,224.99,112.495,3,11
audio,2017-03-20,1,34.99,34.99,3,12
audio,2017-03-27,3,198.89000000000001,66.29666666666667,3,13
audio,2017-04-03,2,154.0,77.0,4,14
audio,2017-04-10,2,179.8,89.9,4,15
audio,2017-04-17,2,129.8,64.9,4,16
audio,2017-04-24,5,478.6,95.72,4,17
audio,2017-05-01,3,587.9,195.96666666666667,5,18
audio,2017-05-08,3,258.8,86.26666666666667,5,19
audio,2017-05-15,6,566.69,94.44833333333334,5,20
audio,2017-05-22,3,438.8,146.26666666666668,5,21
audio,2017-05-29,2,228.99,114.495,5,22
audio,2017-06-05,2,344.0,172.0,6,23
audio,2017-06-12,5,805.0,161.0,6,24
audio,2017-06-19,1,89.0,89.0,6,25
audio,2017-06-26,3,433.0,144.33333333333334,6,26
audio,2017-07-03,1,159.9,159.9,7,27
audio,2017-07-10,4,483.89,120.9725,7,28
audio,2017-07-24,1,29.9,29.9,7,30
audio,2017-07-31,2,79.8,39.9,7,31
audio,2017-08-07,2,178.0,89.0,8,32
audio,2017-08-14,2,703.9,351.95,8,33
audio,2017-08-21,1,89.0,89.0,8,34
audio,2017-09-04,3,397.99,132.66333333333333,9,36
audio,2017-09-11,2,218.9,109.45,9,37
audio,2017-09-18,2,187.0,93.5,9,38
audio,2017-09-25,3,238.70000000000002,79.56666666666668,9,39
audio,2017-10-02,5,253.5,50.7,10,40
audio,2017-10-09,8,648.39,81.04875,10,41
audio,2017-10-16,9,738.2,82.02222222222223,10,42
audio,2017-10-23,7,591.7,84.52857142857144,10,43
audio,2017-10-30,4,193.57999999999998,48.394999999999996,10,44
audio,2017-11-06,7,734.76,104.96571428571428,11,45
audio,2017-11-13,6,977.4,162.9,11,46
audio,2017-11-20,14,1240.99,88.64214285714286,11,47
audio,2017-11-27,7,627.29,89.61285714285714,11,48
audio,2017-12-04,1,49.9,49.9,12,49
audio,2017-12-11,8,541.38,67.6725,12,50
audio,2017-12-18,4,743.89,185.9725,12,51
audio,2017-12-25,4,1351.76,337.94,12,52
audio,2018-01-01,2,830.9,415.45,1,1
audio,2018-01-08,6,595.8,99.3,1,2
audio,2018-01-15,6,675.6,112.60000000000001,1,3
audio,2018-01-22,8,1404.6799999999998,175.58499999999998,1,4
audio,2018-01-29,8,1141.0900000000001,142.63625000000002,1,5
audio,2018-02-05,2,39.8,19.9,2,6
audio,2018-02-12,1,590.0,590.0,2,7
audio,2018-02-19,4,823.0,205.75,2,8
audio,2018-02-26,7,1072.9,153.27142857142857,2,9
audio,2018-03-05,5,1057.9499999999998,211.58999999999997,3,10
audio,2018-03-12,7,2254.8,322.11428571428576,3,11
audio,2018-03-19,10,3430.1800000000003,343.01800000000003,3,12
audio,2018-03-26,10,3506.76,350.67600000000004,3,13
audio,2018-04-02,6,1117.53,186.255,4,14
audio,2018-04-09,10,3240.2799999999997,324.02799999999996,4,15
audio,2018-04-16,7,1264.48,180.64000000000001,4,16
audio,2018-04-23,7,1254.78,179.25428571428571,4,17
audio,2018-04-30,3,659.9,219.96666666666667,4,18
audio,2018-05-07,5,853.0999999999999,170.61999999999998,5,19
audio,2018-05-14,9,344.6,38.28888888888889,5,20
audio,2018-05-21,1,119.59,119.59,5,21
audio,2018-05-28,5,1416.49,283.298,5,22
audio,2018-06-04,1,14.9,14.9,6,23
audio,2018-06-11,3,181.8,60.6,6,24
audio,2018-06-18,8,764.49,95.56125,6,25
audio,2018-06-25,6,173.5,28.916666666666668,6,26
audio,2018-07-02,1,598.99,598.99,7,27
audio,2018-07-09,2,29.8,14.9,7,28
audio,2018-07-16,14,814.0500000000001,58.14642857142858,7,29
audio,2018-07-23,4,400.8,100.2,7,30
audio,2018-07-30,4,489.9,122.475,7,31
audio,2018-08-06,6,738.6,123.10000000000001,8,32
audio,2018-08-13,6,659.9,109.98333333333333,8,33
audio,2018-08-20,10,385.09999999999997,38.51,8,34
audio,2018-08-27,1,14.9,14.9,8,35
auto,2016-10-03,7,966.27,138.03857142857143,10,40
auto,2016-10-10,1,161.99,161.99,10,41
auto,2017-01-02,2,21.8,10.9,1,1
auto,2017-01-16,11,1827.99,166.1809090909091,1,3
auto,2017-01-23,12,2274.06,189.505,1,4
auto,2017-01-30,16,2139.1,133.69375,1,5
auto,2017-02-06,33,4980.29,150.91787878787878,2,6
auto,2017-02-13,21,3183.21,151.58142857142857,2,7
auto,2017-02-20,18,2612.3700000000003,145.1316666666667,2,8
auto,2017-02-27,10,1200.76,120.076,2,9
auto,2017-03-06,20,3567.94,178.397,3,10
auto,2017-03-13,13,2346.6,180.5076923076923,3,11
auto,2017-03-20,19,3460.1400000000003,182.11263157894737,3,12
auto,2017-03-27,24,4985.47,207.7279166666667,3,13
auto,2017-04-03,18,2942.58,163.47666666666666,4,14
auto,2017-04-10,25,3875.85,155.034,4,15
auto,2017-04-17,16,2200.95,137.559375,4,16
auto,2017-04-24,18,3981.95,221.21944444444443,4,17
auto,2017-05-01,21,2376.65,113.17380952380952,5,18
auto,2017-05-08,21,3338.1400000000003,158.95904761904762,5,19
auto,2017-05-15,28,5057.1,180.6107142857143,5,20
auto,2017-05-22,27,3708.1,137.33703703703702,5,21
auto,2017-05-29,23,3890.05,169.13260869565218,5,22
auto,2017-06-05,32,4760.23,148.7571875,6,23
auto,2017-06-12,27,15702.82,581.585925925926,6,24
auto,2017-06-19,23,5346.91,232.47434782608696,6,25
auto,2017-06-26,25,3641.8599999999997,145.6744,6,26
auto,2017-07-03,19,1848.5,97.28947368421052,7,27
auto,2017-07-10,34,2648.02,77.88294117647058,7,28
auto,2017-07-17,27,6172.21,228.60037037037037,7,29
auto,2017-07-24,28,1985.12,70.89714285714285,7,30
auto,2017-07-31,42,5641.99,134.33309523809524,7,31
auto,2017-08-07,22,4089.7000000000003,185.89545454545456,8,32
auto,2017-08-14,38,3436.81,90.44236842105263,8,33
auto,2017-08-21,44,4140.23,94.09613636363635,8,34
auto,2017-08-28,23,2335.67,101.5508695652174,8,35
auto,2017-09-04,18,2885.79,160.32166666666666,9,36
auto,2017-09-11,22,1941.55,88.25227272727273,9,37
auto,2017-09-18,28,2764.41,98.72892857142857,9,38
auto,2017-09-25,37,6932.53,187.36567567567567,9,39
auto,2017-10-02,33,5797.09,175.66939393939396,10,40
auto,2017-10-09,41,5412.45,132.0109756097561,10,41
auto,2017-10-16,38,5999.51,157.88184210526316,10,42
auto,2017-10-23,27,2841.95,105.2574074074074,10,43
auto,2017-10-30,22,4360.07,198.18499999999997,10,44
auto,2017-11-06,46,4494.6900000000005,97.71065217391306,11,45
auto,2017-11-13,41,4775.68,116.48,11,46
auto,2017-11-20,103,13557.26,131.62388349514563,11,47
auto,2017-11-27,80,12186.44,152.3305,11,48
auto,2017-12-04,85,12101.54,142.3710588235294,12,49
auto,2017-12-11,85,11489.289999999999,135.1681176470588,12,50
auto,2017-12-18,46,8772.33,190.70282608695652,12,51
auto,2017-12-25,20,2516.34,125.81700000000001,12,52
auto,2018-01-01,54,7488.97,138.68462962962963,1,1
auto,2018-01-08,49,7332.3,149.63877551020408,1,2
auto,2018-01-15,81,10677.28,131.81827160493827,1,3
auto,2018-01-22,53,6312.45,119.10283018867923,1,4
auto,2018-01-29,73,9462.14,129.61835616438356,1,5
auto,2018-02-05,52,10436.67,200.7051923076923,2,6
auto,2018-02-12,95,9557.29,100.60305263157896,2,7
auto,2018-02-19,87,11221.6,128.98390804597702,2,8
auto,2018-02-26,75,8575.95,114.346,2,9
auto,2018-03-05,65,9461.36,145.55938461538463,3,10
auto,2018-03-12,80,12526.300000000001,156.57875,3,11
auto,2018-03-19,93,10019.92,107.7410752688172,3,12
auto,2018-03-26,72,9852.0,136.83333333333334,3,13
auto,2018-04-02,87,12369.41,142.1771264367816,4,14
auto,2018-04-09,87,12893.92,148.20597701149424,4,15
auto,2018-04-16,80,10694.93,133.686625,4,16
auto,2018-04-23,73,9209.14,126.15260273972602,4,17
auto,2018-04-30,78,10778.72,138.18871794871794,4,18
auto,2018-05-07,90,11753.82,130.59799999999998,5,19
auto,2018-05-14,96,12135.76,126.41416666666667,5,20
auto,2018-05-21,37,4259.51,115.12189189189189,5,21
auto,2018-05-28,41,9364.03,228.3909756097561,5,22
auto,2018-06-04,79,9277.16,117.43240506329114,6,23
auto,2018-06-11,55,8098.56,147.24654545454547,6,24
auto,2018-06-18,73,10762.75,147.43493150684932,6,25
auto,2018-06-25,69,10532.28,152.6417391304348,6,26
auto,2018-07-02,59,6195.19,105.00322033898304,7,27
auto,2018-07-09,55,7212.3,131.13272727272727,7,28
auto,2018-07-16,93,14012.92,150.67655913978496,7,29
auto,2018-07-23,97,10896.69,112.33701030927836,7,30
auto,2018-07-30,99,10280.77,103.84616161616162,7,31
auto,2018-08-06,135,15954.960000000001,118.18488888888889,8,32
auto,2018-08-13,103,18142.93,176.14495145631068,8,33
auto,2018-08-20,59,5070.9400000000005,85.94813559322034,8,34
auto,2018-08-27,6,467.38,77.89666666666666,8,35
baby,2016-10-03,11,1371.17,124.65181818181819,10,40
baby,2017-01-02,2,21.8,10.9,1,1
baby,2017-01-09,2,179.8,89.9,1,2
baby,2017-01-16,12,787.03,65.58583333333333,1,3
baby,2017-01-23,16,4409.37,275.585625,1,4
baby,2017-01-30,12,1034.78,86.23166666666667,1,5
baby,2017-02-06,10,787.49,78.749,2,6
baby,2017-02-13,11,655.41,59.58272727272727,2,7
baby,2017-02-20,5,979.79,195.958,2,8
baby,2017-02-27,9,666.83,74.09222222222223,2,9
baby,2017-03-06,11,715.22,65.02,3,10
baby,2017-03-13,10,1410.26,141.026,3,11
baby,2017-03-20,8,631.1800000000001,78.89750000000001,3,12
baby,2017-03-27,7,458.68,65.52571428571429,3,13
baby,2017-04-03,9,504.76,56.08444444444444,4,14
baby,2017-04-10,6,656.13,109.355,4,15
baby,2017-04-17,17,1493.8200000000002,87.87176470588236,4,16
baby,2017-04-24,17,1185.94,69.76117647058824,4,17
baby,2017-05-01,24,1803.67,75.15291666666667,5,18
baby,2017-05-08,24,2039.49,84.97875,5,19
baby,2017-05-15,25,1831.01,73.2404,5,20
baby,2017-05-22,20,1689.88,84.494,5,21
baby,2017-05-29,20,2772.33,138.6165,5,22
baby,2017-06-05,16,1584.46,99.02875,6,23
baby,2017-06-12,27,2392.19,88.59962962962963,6,24
baby,2017-06-19,15,1204.8600000000001,80.32400000000001,6,25
baby,2017-06-26,14,2109.36,150.66857142857143,6,26
baby,2017-07-03,24,1915.8000000000002,79.825,7,27
baby,2017-07-10,32,3337.3,104.290625,7,28
baby,2017-07-17,37,5280.79,142.72405405405405,7,29
baby,2017-07-24,22,3639.94,165.4518181818182,7,30
baby,2017-07-31,28,4423.26,157.97357142857143,7,31
baby,2017-08-07,22,3358.32,152.6509090909091,8,32
baby,2017-08-14,28,5111.94,182.5692857142857,8,33
baby,2017-08-21,34,3693.06,108.61941176470589,8,34
baby,2017-08-28,38,7189.53,189.19815789473682,8,35
baby,2017-09-04,31,3832.65,123.63387096774194,9,36
baby,2017-09-11,50,8016.07,160.32139999999998,9,37
baby,2017-09-18,34,3385.36,99.56941176470589,9,38
baby,2017-09-25,39,4385.04,112.43692307692308,9,39
baby,2017-10-02,32,3569.72,111.55375,10,40
baby,2017-10-09,39,3544.04,90.87282051282051,10,41
baby,2017-10-16,35,4743.83,135.538,10,42
baby,2017-10-23,20,2746.89,137.34449999999998,10,43
baby,2017-10-30,31,3751.2000000000003,121.00645161290323,10,44
baby,2017-11-06,37,3659.5099999999998,98.90567567567567,11,45
baby,2017-11-13,48,4511.04,93.98,11,46
baby,2017-11-20,65,8506.960000000001,130.8763076923077,11,47
baby,2017-11-27,42,4879.65,116.18214285714285,11,48
baby,2017-12-04,47,4756.06,101.19276595744682,12,49
baby,2017-12-11,33,5714.5,173.16666666666666,12,50
baby,2017-12-18,29,5205.56,179.50206896551725,12,51
baby,2017-12-25,14,1271.32,90.80857142857143,12,52
baby,2018-01-01,47,6288.56,133.7991489361702,1,1
baby,2018-01-08,61,8756.27,143.54540983606557,1,2
baby,2018-01-15,46,6715.219999999999,145.98304347826087,1,3
baby,2018-01-22,56,6525.18,116.52107142857143,1,4
baby,2018-01-29,22,2598.14,118.09727272727272,1,5
baby,2018-02-05,40,4078.09,101.95225,2,6
baby,2018-02-12,43,5814.53,135.22162790697675,2,7
baby,2018-02-19,51,5370.49,105.30372549019607,2,8
baby,2018-02-26,50,14698.58,293.9716,2,9
baby,2018-03-05,35,4936.51,141.04314285714287,3,10
baby,2018-03-12,58,8513.99,146.79293103448276,3,11
baby,2018-03-19,57,13049.57,228.9398245614035,3,12
baby,2018-03-26,45,10466.38,232.5862222222222,3,13
baby,2018-04-02,44,9098.06,206.7740909090909,4,14
baby,2018-04-09,65,12256.87,188.56723076923078,4,15
baby,2018-04-16,68,12611.11,185.4575,4,16
baby,2018-04-23,46,10204.44,221.83565217391305,4,17
baby,2018-04-30,64,7334.59,114.60296875,4,18
baby,2018-05-07,60,9958.15,165.96916666666667,5,19
baby,2018-05-14,67,10073.08,150.3444776119403,5,20
baby,2018-05-21,28,2361.9,84.35357142857143,5,21
baby,2018-05-28,49,7021.13,143.28836734693877,5,22
baby,2018-06-04,57,11272.14,197.75684210526316,6,23
baby,2018-06-11,51,6511.26,127.67176470588235,6,24
baby,2018-06-18,54,6286.14,116.41000000000001,6,25
baby,2018-06-25,45,5082.51,112.94466666666668,6,26
baby,2018-07-02,40,4497.69,112.44224999999999,7,27
baby,2018-07-09,34,3368.59,99.07617647058824,7,28
baby,2018-07-16,48,3928.25,81.83854166666667,7,29
baby,2018-07-23,65,7483.22,115.12646153846154,7,30
baby,2018-07-30,90,9732.57,108.13966666666667,7,31
baby,2018-08-06,61,4888.26,80.13540983606558,8,32
baby,2018-08-13,48,6250.4400000000005,130.2175,8,33
baby,2018-08-20,33,2234.9900000000002,67.7269696969697,8,34
baby,2018-08-27,3,348.89,116.29666666666667,8,35
bed_bath_table,2016-10-03,8,478.99,59.87375,10,40
bed_bath_table,2017-01-02,1,68.9,68.9,1,1
bed_bath_table,2017-01-09,4,233.60000000000002,58.400000000000006,1,2
bed_bath_table,2017-01-16,11,1101.1000000000001,100.10000000000001,1,3
bed_bath_table,2017-01-23,17,1245.38,73.25764705882354,1,4
bed_bath_table,2017-01-30,33,3144.54,95.2890909090909,1,5
bed_bath_table,2017-02-06,45,4216.6900000000005,93.70422222222223,2,6
bed_bath_table,2017-02-13,47,4821.63,102.58787234042553,2,7
bed_bath_table,2017-02-20,33,3142.98,95.24181818181819,2,8
bed_bath_table,2017-02-27,54,5374.46,99.52703703703703,2,9
bed_bath_table,2017-03-06,65,6559.05,100.90846153846154,3,10
bed_bath_table,2017-03-13,57,4873.31,85.49666666666667,3,11
bed_bath_table,2017-03-20,72,6357.48,88.29833333333333,3,12
bed_bath_table,2017-03-27,74,6027.21,81.44878378378378,3,13
bed_bath_table,2017-04-03,74,5668.5,76.60135135135135,4,14
bed_bath_table,2017-04-10,33,2667.38,80.82969696969697,4,15
bed_bath_table,2017-04-17,76,6387.09,84.04065789473684,4,16
bed_bath_table,2017-04-24,57,6700.1,117.54561403508772,4,17
bed_bath_table,2017-05-01,66,5503.6,83.38787878787879,5,18
bed_bath_table,2017-05-08,77,7417.9800000000005,96.3374025974026,5,19
bed_bath_table,2017-05-15,81,6806.740000000001,84.03382716049384,5,20
bed_bath_table,2017-05-22,101,9909.87,98.11752475247526,5,21
bed_bath_table,2017-05-29,75,6485.49,86.47319999999999,5,22
bed_bath_table,2017-06-05,99,8522.14,86.08222222222221,6,23
bed_bath_table,2017-06-12,93,8250.07,88.71043010752688,6,24
bed_bath_table,2017-06-19,73,6318.9400000000005,86.56082191780823,6,25
bed_bath_table,2017-06-26,90,9820.02,109.11133333333333,6,26
bed_bath_table,2017-07-03,127,12885.45,101.46023622047245,7,27
bed_bath_table,2017-07-10,137,15984.29,116.6736496350365,7,28
bed_bath_table,2017-07-17,151,18291.54,121.13602649006623,7,29
bed_bath_table,2017-07-24,117,11999.43,102.55923076923077,7,30
bed_bath_table,2017-07-31,93,10641.1,114.42043010752688,7,31
bed_bath_table,2017-08-07,135,15394.64,114.03437037037037,8,32
bed_bath_table,2017-08-14,140,15139.11,108.1365,8,33
bed_bath_table,2017-08-21,97,10203.26,105.18824742268042,8,34
bed_bath_table,2017-08-28,90,10623.13,118.03477777777776,8,35
bed_bath_table,2017-09-04,95,9734.72,102.47073684210525,9,36
bed_bath_table,2017-09-11,164,15434.14,94.11060975609756,9,37
bed_bath_table,2017-09-18,154,14559.78,94.54402597402598,9,38
bed_bath_table,2017-09-25,97,10189.54,105.04680412371135,9,39
bed_bath_table,2017-10-02,97,7773.14,80.13546391752578,10,40
bed_bath_table,2017-10-09,120,9912.28,82.60233333333333,10,41
bed_bath_table,2017-10-16,140,11500.460000000001,82.14614285714286,10,42
bed_bath_table,2017-10-23,132,11441.1,86.675,10,43
bed_bath_table,2017-10-30,126,11561.39,91.7570634920635,10,44
bed_bath_table,2017-11-06,150,13427.83,89.51886666666667,11,45
bed_bath_table,2017-11-13,136,13745.34,101.06867647058823,11,46
bed_bath_table,2017-11-20,430,38807.76,90.25060465116279,11,47
bed_bath_table,2017-11-27,236,21787.03,92.31792372881355,11,48
bed_bath_table,2017-12-04,137,12859.95,93.86824817518249,12,49
bed_bath_table,2017-12-11,122,10596.78,86.8588524590164,12,50
bed_bath_table,2017-12-18,105,9756.62,92.92019047619048,12,51
bed_bath_table,2017-12-25,99,8722.86,88.10969696969697,12,52
bed_bath_table,2018-01-01,158,15003.49,94.95879746835443,1,1
bed_bath_table,2018-01-08,189,19037.72,100.72867724867726,1,2
bed_bath_table,2018-01-15,179,14187.59,79.26027932960893,1,3
bed_bath_table,2018-01-22,199,17224.17,86.55361809045225,1,4
bed_bath_table,2018-01-29,205,17322.65,84.50073170731709,1,5
bed_bath_table,2018-02-05,200,16477.06,82.3853,2,6
bed_bath_table,2018-02-12,181,15431.91,85.25917127071823,2,7
bed_bath_table,2018-02-19,143,14623.4,102.26153846153846,2,8
bed_bath_table,2018-02-26,164,15169.23,92.49530487804878,2,9
bed_bath_table,2018-03-05,155,13381.66,86.33329032258064,3,10
bed_bath_table,2018-03-12,172,16266.02,94.56988372093024,3,11
bed_bath_table,2018-03-19,210,16763.49,79.82614285714287,3,12
bed_bath_table,2018-03-26,162,14516.33,89.60697530864198,3,13
bed_bath_table,2018-04-02,170,17195.48,101.14988235294118,4,14
bed_bath_table,2018-04-09,179,17441.48,97.43843575418994,4,15
bed_bath_table,2018-04-16,180,15982.34,88.79077777777778,4,16
bed_bath_table,2018-04-23,161,16027.24,99.54807453416149,4,17
bed_bath_table,2018-04-30,184,17953.29,97.57222826086957,4,18
bed_bath_table,2018-05-07,163,13911.27,85.34521472392639,5,19
bed_bath_table,2018-05-14,215,21842.13,101.5913023255814,5,20
bed_bath_table,2018-05-21,132,12782.2,96.8348484848485,5,21
bed_bath_table,2018-05-28,129,13374.12,103.67534883720931,5,22
bed_bath_table,2018-06-04,198,16937.45,85.54267676767677,6,23
bed_bath_table,2018-06-11,182,15842.34,87.04582417582418,6,24
bed_bath_table,2018-06-18,193,19646.57,101.79569948186528,6,25
bed_bath_table,2018-06-25,154,13973.64,90.73792207792208,6,26
bed_bath_table,2018-07-02,125,11462.02,91.69616,7,27
bed_bath_table,2018-07-09,79,7618.3,96.43417721518988,7,28
bed_bath_table,2018-07-16,182,16059.98,88.24164835164835,7,29
bed_bath_table,2018-07-23,150,12528.54,83.5236,7,30
bed_bath_table,2018-07-30,197,19906.85,101.05,7,31
bed_bath_table,2018-08-06,193,16958.82,87.86953367875647,8,32
bed_bath_table,2018-08-13,211,18661.07,88.44109004739336,8,33
bed_bath_table,2018-08-20,104,9782.710000000001,94.06451923076924,8,34
bed_bath_table,2018-08-27,12,1066.29,88.8575,8,35
books_general_interest,2017-01-23,1,124.99,124.99,1,4
books_general_interest,2017-01-30,2,159.8,79.9,1,5
books_general_interest,2017-02-06,3,329.21000000000004,109.73666666666668,2,6
books_general_interest,2017-02-13,1,116.0,116.0,2,7
books_general_interest,2017-02-20,3,277.6,92.53333333333335,2,8
books_general_interest,2017-02-27,5,484.12,96.824,2,9
books_general_interest,2017-03-06,6,491.74,81.95666666666666,3,10
books_general_interest,2017-03-13,8,959.6,119.95,3,11
books_general_interest,2017-03-20,2,219.5,109.75,3,12
books_general_interest,2017-03-27,3,379.0,126.33333333333333,3,13
books_general_interest,2017-04-03,1,115.0,115.0,4,14
books_general_interest,2017-04-10,2,139.49,69.745,4,15
books_general_interest,2017-04-17,7,561.09,80.1557142857143,4,16
books_general_interest,2017-04-24,2,107.8,53.9,4,17
books_general_interest,2017-05-01,4,399.4,99.85,5,18
books_general_interest,2017-05-08,7,666.3,95.18571428571428,5,19
books_general_interest,2017-05-15,3,284.39,94.79666666666667,5,20
books_general_interest,2017-05-22,4,221.48,55.37,5,21
books_general_interest,2017-05-29,4,502.9,125.725,5,22
books_general_interest,2017-06-05,7,597.1,85.3,6,23
books_general_interest,2017-06-12,3,359.9,119.96666666666665,6,24
books_general_interest,2017-06-19,5,629.7,125.94000000000001,6,25
books_general_interest,2017-06-26,4,217.48000000000002,54.370000000000005,6,26
books_general_interest,2017-07-03,1,122.5,122.5,7,27
books_general_interest,2017-07-10,1,115.0,115.0,7,28
books_general_interest,2017-07-17,6,526.4,87.73333333333333,7,29
books_general_interest,2017-07-24,3,383.70000000000005,127.90000000000002,7,30
books_general_interest,2017-07-31,5,456.89,91.378,7,31
books_general_interest,2017-08-07,8,712.8,89.1,8,32
books_general_interest,2017-08-14,2,201.9,100.95,8,33
books_general_interest,2017-08-21,6,374.52,62.419999999999995,8,34
books_general_interest,2017-08-28,10,839.5899999999999,83.95899999999999,8,35
books_general_interest,2017-09-04,3,98.53999999999999,32.846666666666664,9,36
books_general_interest,2017-09-11,5,444.7,88.94,9,37
books_general_interest,2017-09-25,7,288.2,41.17142857142857,9,39
books_general_interest,2017-10-02,1,108.9,108.9,10,40
books_general_interest,2017-10-09,2,61.8,30.9,10,41
books_general_interest,2017-10-16,2,223.9,111.95,10,42
books_general_interest,2017-10-30,5,333.7,66.74,10,44
books_general_interest,2017-11-06,4,233.70000000000002,58.425000000000004,11,45
books_general_interest,2017-11-13,6,727.79,121.29833333333333,11,46
books_general_interest,2017-11-20,13,789.89,60.76076923076923,11,47
books_general_interest,2017-11-27,13,799.39,61.49153846153846,11,48
books_general_interest,2017-12-04,12,565.1,47.09166666666667,12,49
books_general_interest,2017-12-11,10,561.8,56.17999999999999,12,50
books_general_interest,2017-12-18,9,516.5,57.388888888888886,12,51
books_general_interest,2017-12-25,8,615.2,76.9,12,52
books_general_interest,2018-01-01,9,379.7,42.18888888888889,1,1
books_general_interest,2018-01-08,14,768.15,54.86785714285714,1,2
books_general_interest,2018-01-15,8,356.8,44.6,1,3
books_general_interest,2018-01-22,11,579.65,52.695454545454545,1,4
books_general_interest,2018-01-29,6,161.65,26.941666666666666,1,5
books_general_interest,2018-02-05,6,281.9,46.98333333333333,2,6
books_general_interest,2018-02-12,9,627.6,69.73333333333333,2,7
books_general_interest,2018-02-19,6,609.9,101.64999999999999,2,8
books_general_interest,2018-02-26,12,476.8,39.733333333333334,2,9
books_general_interest,2018-03-05,3,174.85,58.28333333333333,3,10
books_general_interest,2018-03-12,15,889.65,59.309999999999995,3,11
books_general_interest,2018-03-19,5,222.3,44.46,3,12
books_general_interest,2018-03-26,7,358.84,51.262857142857136,3,13
books_general_interest,2018-04-02,8,1447.6799999999998,180.95999999999998,4,14
books_general_interest,2018-04-09,6,762.8499999999999,127.14166666666665,4,15
books_general_interest,2018-04-16,20,2445.34,122.26700000000001,4,16
books_general_interest,2018-04-23,13,1435.6399999999999,110.43384615384615,4,17
books_general_interest,2018-04-30,18,2164.08,120.22666666666666,4,18
books_general_interest,2018-05-07,13,984.27,75.71307692307693,5,19
books_general_interest,2018-05-14,15,2538.04,169.20266666666666,5,20
books_general_interest,2018-05-21,2,177.8,88.9,5,21
books_general_interest,2018-05-28,5,124.94,24.988,5,22
books_general_interest,2018-06-04,10,824.9599999999999,82.496,6,23
books_general_interest,2018-06-11,9,508.6,56.51111111111111,6,24
books_general_interest,2018-06-18,10,928.43,92.84299999999999,6,25
books_general_interest,2018-06-25,7,983.4999999999999,140.49999999999997,6,26
books_general_interest,2018-07-02,7,1544.49,220.64142857142858,7,27
books_general_interest,2018-07-09,2,630.79,315.395,7,28
books_general_interest,2018-07-16,5,143.28,28.656,7,29
books_general_interest,2018-07-23,8,1558.0,194.75,7,30
books_general_interest,2018-07-30,11,621.14,56.46727272727273,7,31
books_general_interest,2018-08-06,13,545.98,41.99846153846154,8,32
books_general_interest,2018-08-13,7,260.45,37.207142857142856,8,33
books_general_interest,2018-08-20,7,313.1,44.728571428571435,8,34
books_general_interest,2018-08-27,1,25.0,25.0,8,35
books_imported,2017-04-17,1,19.99,19.99,4,16
books_imported,2017-06-12,2,99.0,49.5,6,24
books_imported,2017-08-21,1,61.0,61.0,8,34
books_imported,2017-08-28,1,61.0,61.0,8,35
books_imported,2017-09-11,1,63.0,63.0,9,37
books_imported,2017-09-18,2,166.0,83.0,9,38
books_imported,2017-10-30,2,170.0,85.0,10,44
books_imported,2017-11-20,1,77.0,77.0,11,47
books_imported,2017-12-04,1,77.0,77.0,12,49
books_imported,2017-12-11,1,77.0,77.0,12,50
books_imported,2017-12-18,1,77.0,77.0,12,51
books_imported,2018-01-08,2,234.0,117.0,1,2
books_imported,2018-01-15,2,147.0,73.5,1,3
books_imported,2018-01-29,3,285.0,95.0,1,5
books_imported,2018-02-12,1,165.0,165.0,2,7
books_imported,2018-02-19,1,77.0,77.0,2,8
books_imported,2018-03-12,2,154.0,77.0,3,11
books_imported,2018-03-19,1,105.0,105.0,3,12
books_imported,2018-04-02,2,174.0,87.0,4,14
books_imported,2018-04-09,1,125.0,125.0,4,15
books_imported,2018-04-23,1,18.99,18.99,4,17
books_imported,2018-05-07,3,59.97,19.99,5,19
books_imported,2018-05-14,3,96.97,32.32333333333333,5,20
books_imported,2018-05-21,4,253.98,63.495,5,21
books_imported,2018-06-04,2,84.84,42.42,6,23
books_imported,2018-06-11,4,203.66000000000003,50.915000000000006,6,24
books_imported,2018-06-18,1,59.89,59.89,6,25
books_imported,2018-06-25,2,119.78,59.89,6,26
books_imported,2018-07-02,5,312.85,62.57000000000001,7,27
books_imported,2018-07-09,1,19.99,19.99,7,28
books_imported,2018-07-30,1,24.95,24.95,7,31
books_imported,2018-08-06,1,749.0,749.0,8,32
books_technical,2017-02-13,1,159.0,159.0,2,7
books_technical,2017-03-06,1,30.0,30.0,3,10
books_technical,2017-03-13,1,45.0,45.0,3,11
books_technical,2017-04-03,1,75.0,75.0,4,14
books_technical,2017-05-01,2,113.4,56.7,5,18
books_technical,2017-05-08,1,148.6,148.6,5,19
books_technical,2017-05-29,1,65.9,65.9,5,22
books_technical,2017-06-05,1,80.0,80.0,6,23
books_technical,2017-07-24,1,199.0,199.0,7,30
books_technical,2017-07-31,2,474.0,237.0,7,31
books_technical,2017-08-07,2,176.55,88.275,8,32
books_technical,2017-08-21,3,666.9300000000001,222.31000000000003,8,34
books_technical,2017-08-28,3,207.9,69.3,8,35
books_technical,2017-09-11,6,623.35,103.89166666666667,9,37
books_technical,2017-09-18,1,269.0,269.0,9,38
books_technical,2017-09-25,2,144.0,72.0,9,39
books_technical,2017-10-02,1,49.0,49.0,10,40
books_technical,2017-10-16,1,70.0,70.0,10,42
books_technical,2017-10-23,2,457.0,228.5,10,43
books_technical,2017-10-30,1,269.0,269.0,10,44
books_technical,2017-11-20,4,597.0,149.25,11,47
books_technical,2017-11-27,3,309.84,103.27999999999999,11,48
books_technical,2017-12-04,2,257.8,128.9,12,49
books_technical,2017-12-11,1,274.95,274.95,12,50
books_technical,2018-01-01,1,274.95,274.95,1,1
books_technical,2018-01-08,1,56.0,56.0,1,2
books_technical,2018-01-15,3,139.35000000000002,46.45000000000001,1,3
books_technical,2018-01-22,6,358.45,59.74166666666667,1,4
books_technical,2018-01-29,11,703.49,63.95363636363636,1,5
books_technical,2018-02-05,3,196.9,65.63333333333334,2,6
books_technical,2018-02-12,7,342.97,48.99571428571429,2,7
books_technical,2018-02-19,5,234.75,46.95,2,8
books_technical,2018-02-26,8,365.8,45.725,2,9
books_technical,2018-03-05,5,436.85,87.37,3,10
books_technical,2018-03-12,2,102.0,51.0,3,11
books_technical,2018-03-19,7,274.77,39.25285714285714,3,12
books_technical,2018-03-26,2,34.849999999999994,17.424999999999997,3,13
books_technical,2018-04-02,4,418.84999999999997,104.71249999999999,4,14
books_technical,2018-04-09,3,83.8,27.933333333333334,4,15
books_technical,2018-04-16,3,79.9,26.633333333333336,4,16
books_technical,2018-04-23,10,482.15999999999997,48.215999999999994,4,17
books_technical,2018-04-30,16,754.66,47.16625,4,18
books_technical,2018-05-07,15,826.39,55.092666666666666,5,19
books_technical,2018-05-14,13,677.76,52.135384615384616,5,20
books_technical,2018-05-21,10,723.53,72.353,5,21
books_technical,2018-05-28,5,282.67,56.534000000000006,5,22
books_technical,2018-06-04,6,480.78999999999996,80.13166666666666,6,23
books_technical,2018-06-11,6,269.28,44.879999999999995,6,24
books_technical,2018-06-18,11,825.37,75.03363636363636,6,25
books_technical,2018-06-25,1,35.0,35.0,6,26
books_technical,2018-07-02,6,472.84,78.80666666666666,7,27
books_technical,2018-07-09,4,509.91999999999996,127.47999999999999,7,28
books_technical,2018-07-16,6,258.99,43.165,7,29
books_technical,2018-07-23,7,579.1899999999999,82.74142857142856,7,30
books_technical,2018-07-30,8,598.96,74.87,7,31
books_technical,2018-08-06,11,514.83,46.802727272727275,8,32
books_technical,2018-08-13,8,429.69,53.71125,8,33
books_technical,2018-08-20,5,114.3,22.86,8,34
cds_dvds_musicals,2017-07-03,2,90.0,45.0,7,27
cds_dvds_musicals,2017-07-10,2,90.0,45.0,7,28
cds_dvds_musicals,2017-07-24,1,45.0,45.0,7,30
cds_dvds_musicals,2017-08-07,2,90.0,45.0,8,32
cds_dvds_musicals,2017-08-21,1,45.0,45.0,8,34
cds_dvds_musicals,2017-10-23,1,45.0,45.0,10,43
cds_dvds_musicals,2017-10-30,2,130.0,65.0,10,44
cds_dvds_musicals,2017-11-13,1,65.0,65.0,11,46
cds_dvds_musicals,2017-12-18,1,65.0,65.0,12,51
cds_dvds_musicals,2018-04-16,1,65.0,65.0,4,16
christmas_supplies,2017-04-24,1,69.0,69.0,4,17
christmas_supplies,2017-06-19,3,184.70000000000002,61.56666666666667,6,25
christmas_supplies,2017-07-10,1,58.9,58.9,7,28
christmas_supplies,2017-07-17,1,6.19,6.19,7,29
christmas_supplies,2017-08-21,1,58.9,58.9,8,34
christmas_supplies,2017-09-04,1,57.0,57.0,9,36
christmas_supplies,2017-09-11,3,197.7,65.89999999999999,9,37
christmas_supplies,2017-10-02,2,125.58000000000001,62.790000000000006,10,40
christmas_supplies,2017-10-09,2,76.83,38.415,10,41
christmas_supplies,2017-10-16,1,59.9,59.9,10,42
christmas_supplies,2017-10-23,1,55.9,55.9,10,43
christmas_supplies,2017-10-30,7,128.74,18.391428571428573,10,44
christmas_supplies,2017-11-06,4,325.58000000000004,81.39500000000001,11,45
christmas_supplies,2017-11-13,6,481.26,80.21,11,46
christmas_supplies,2017-11-20,5,352.3,70.46000000000001,11,47
christmas_supplies,2017-11-27,6,94.56,15.76,11,48
christmas_supplies,2017-12-04,4,92.82000000000001,23.205000000000002,12,49
christmas_supplies,2017-12-11,3,102.25999999999999,34.086666666666666,12,50
christmas_supplies,2017-12-18,5,177.9,35.58,12,51
christmas_supplies,2017-12-25,4,120.92,30.23,12,52
christmas_supplies,2018-01-01,2,139.8,69.9,1,1
christmas_supplies,2018-01-08,2,202.10000000000002,101.05000000000001,1,2
christmas_supplies,2018-01-15,1,79.9,79.9,1,3
christmas_supplies,2018-01-22,2,159.8,79.9,1,4
christmas_supplies,2018-01-29,6,509.6,84.93333333333334,1,5
christmas_supplies,2018-02-05,10,881.3,88.13,2,6
christmas_supplies,2018-02-12,9,818.6000000000001,90.95555555555558,2,7
christmas_supplies,2018-02-19,2,120.05,60.025,2,8
christmas_supplies,2018-02-26,5,248.33,49.666000000000004,2,9
christmas_supplies,2018-03-05,1,79.9,79.9,3,10
christmas_supplies,2018-03-19,4,435.20000000000005,108.80000000000001,3,12
christmas_supplies,2018-03-26,3,171.42000000000002,57.14000000000001,3,13
christmas_supplies,2018-04-02,1,12.52,12.52,4,14
christmas_supplies,2018-04-09,1,6.0,6.0,4,15
christmas_supplies,2018-04-16,2,86.17,43.085,4,16
christmas_supplies,2018-04-23,6,70.66,11.776666666666666,4,17
christmas_supplies,2018-04-30,3,167.0,55.666666666666664,4,18
christmas_supplies,2018-05-07,2,99.73,49.865,5,19
christmas_supplies,2018-05-14,1,239.8,239.8,5,20
christmas_supplies,2018-05-21,1,37.9,37.9,5,21
christmas_supplies,2018-06-04,3,142.56,47.52,6,23
christmas_supplies,2018-06-18,2,58.73,29.365,6,25
christmas_supplies,2018-06-25,2,104.9,52.45,6,26
christmas_supplies,2018-07-02,1,24.9,24.9,7,27
christmas_supplies,2018-07-16,1,31.78,31.78,7,29
christmas_supplies,2018-07-23,5,417.88,83.576,7,30
christmas_supplies,2018-07-30,3,82.06,27.353333333333335,7,31
christmas_supplies,2018-08-06,3,349.83,116.61,8,32
christmas_supplies,2018-08-13,5,132.48,26.496,8,33
cine_photo,2017-02-13,1,59.0,59.0,2,7
cine_photo,2017-04-03,1,59.0,59.0,4,14
cine_photo,2017-04-24,1,59.0,59.0,4,17
cine_photo,2017-05-01,1,59.0,59.0,5,18
cine_photo,2017-05-29,1,79.0,79.0,5,22
cine_photo,2017-09-11,1,69.0,69.0,9,37
cine_photo,2017-10-16,1,69.0,69.0,10,42
cine_photo,2017-11-20,1,242.0,242.0,11,47
cine_photo,2018-01-01,1,99.99,99.99,1,1
cine_photo,2018-01-15,1,99.99,99.99,1,3
cine_photo,2018-02-12,1,97.99,97.99,2,7
cine_photo,2018-02-19,1,130.0,130.0,2,8
cine_photo,2018-03-12,5,453.79,90.75800000000001,3,11
cine_photo,2018-03-19,1,169.0,169.0,3,12
cine_photo,2018-03-26,1,89.0,89.0,3,13
cine_photo,2018-04-02,1,53.99,53.99,4,14
cine_photo,2018-04-09,1,99.95,99.95,4,15
cine_photo,2018-04-16,2,208.8,104.4,4,16
cine_photo,2018-04-23,1,159.0,159.0,4,17
cine_photo,2018-04-30,1,119.9,119.9,4,18
cine_photo,2018-05-07,4,1093.59,273.3975,5,19
cine_photo,2018-05-14,9,642.1999999999999,71.35555555555555,5,20
cine_photo,2018-05-21,2,169.8,84.9,5,21
cine_photo,2018-05-28,1,82.8,82.8,5,22
cine_photo,2018-06-04,1,109.0,109.0,6,23
cine_photo,2018-06-11,5,252.15,50.43,6,24
cine_photo,2018-06-18,2,22.8,11.4,6,25
cine_photo,2018-06-25,5,51.9,10.379999999999999,6,26
cine_photo,2018-07-02,1,112.9,112.9,7,27
cine_photo,2018-07-09,3,835.84,278.61333333333334,7,28
cine_photo,2018-07-16,1,15.9,15.9,7,29
cine_photo,2018-07-23,2,213.9,106.95,7,30
cine_photo,2018-07-30,1,15.9,15.9,7,31
cine_photo,2018-08-06,1,15.9,15.9,8,32
cine_photo,2018-08-13,3,297.8,99.26666666666667,8,33
cine_photo,2018-08-20,4,265.69,66.4225,8,34
computers,2017-01-30,1,2199.99,2199.99,1,5
computers,2017-02-20,1,3549.0,3549.0,2,8
computers,2017-08-28,43,50600.0,1176.7441860465117,8,35
computers,2017-09-04,15,18648.98,1243.2653333333333,9,36
computers,2017-09-11,5,6629.96,1325.992,9,37
computers,2017-09-18,1,1349.99,1349.99,9,38
computers,2017-09-25,5,7999.95,1599.99,9,39
computers,2017-10-02,6,10999.939999999999,1833.323333333333,10,40
computers,2017-10-09,6,8673.99,1445.665,10,41
computers,2017-10-16,3,3604.0,1201.3333333333333,10,42
computers,2017-10-23,6,8428.0,1404.6666666666667,10,43
computers,2017-10-30,10,14176.0,1417.6,10,44
computers,2017-11-06,2,2680.0,1340.0,11,45
computers,2017-12-04,6,3594.0,599.0,12,49
computers,2017-12-11,8,7756.0,969.5,12,50
computers,2017-12-18,3,1797.0,599.0,12,51
computers,2017-12-25,6,3594.0,599.0,12,52
computers,2018-01-01,5,2995.0,599.0,1,1
computers,2018-01-08,4,2396.0,599.0,1,2
computers,2018-01-15,1,670.0,670.0,1,3
computers,2018-01-22,1,790.0,790.0,1,4
computers,2018-04-02,3,1988.0,662.6666666666666,4,14
computers,2018-04-09,5,6046.98,1209.396,4,15
computers,2018-04-16,7,5739.9400000000005,819.9914285714286,4,16
computers,2018-04-30,1,640.0,640.0,4,18
computers,2018-05-07,8,4959.92,619.99,5,19
computers,2018-05-21,4,3100.0,775.0,5,21
computers,2018-05-28,1,790.0,790.0,5,22
computers,2018-06-04,1,790.0,790.0,6,23
computers,2018-06-11,6,4420.0,736.6666666666666,6,24
computers,2018-06-18,4,6567.0,1641.75,6,25
computers,2018-06-25,2,1120.0,560.0,6,26
computers,2018-07-02,1,580.0,580.0,7,27
computers,2018-07-09,2,1420.0,710.0,7,28
computers,2018-07-23,2,7379.0,3689.5,7,30
computers,2018-07-30,2,1300.0,650.0,7,31
computers,2018-08-06,6,4111.5,685.25,8,32
computers,2018-08-13,1,1390.0,1390.0,8,33
computers,2018-08-20,5,3210.0,642.0,8,34
computers_accessories,2016-10-03,11,650.02,59.092727272727274,10,40
computers_accessories,2016-10-10,1,19.0,19.0,10,41
computers_accessories,2017-01-09,4,402.90000000000003,100.72500000000001,1,2
computers_accessories,2017-01-16,5,345.5,69.1,1,3
computers_accessories,2017-01-23,17,2515.24,147.95529411764704,1,4
computers_accessories,2017-01-30,18,1592.53,88.4738888888889,1,5
computers_accessories,2017-02-06,26,5866.2699999999995,225.6257692307692,2,6
computers_accessories,2017-02-13,29,2580.31,88.97620689655172,2,7
computers_accessories,2017-02-20,29,1804.78,62.23379310344828,2,8
computers_accessories,2017-02-27,23,2758.8199999999997,119.9486956521739,2,9
computers_accessories,2017-03-06,50,7466.57,149.3314,3,10
computers_accessories,2017-03-13,28,2614.04,93.35857142857142,3,11
computers_accessories,2017-03-20,39,8939.03,229.20589743589744,3,12
computers_accessories,2017-03-27,37,6774.92,183.10594594594596,3,13
computers_accessories,2017-04-03,21,6037.1,287.4809523809524,4,14
computers_accessories,2017-04-10,25,2645.23,105.8092,4,15
computers_accessories,2017-04-17,36,5640.3,156.675,4,16
computers_accessories,2017-04-24,47,3691.95,78.55212765957447,4,17
computers_accessories,2017-05-01,42,5059.75,120.4702380952381,5,18
computers_accessories,2017-05-08,90,18096.38,201.0708888888889,5,19
computers_accessories,2017-05-15,86,9814.31,114.11988372093023,5,20
computers_accessories,2017-05-22,57,8178.55,143.48333333333335,5,21
computers_accessories,2017-05-29,68,8319.95,122.35220588235295,5,22
computers_accessories,2017-06-05,69,10769.63,156.08159420289854,6,23
computers_accessories,2017-06-12,73,7836.11,107.34397260273973,6,24
computers_accessories,2017-06-19,52,5910.45,113.6625,6,25
computers_accessories,2017-06-26,34,7904.049999999999,232.47205882352938,6,26
computers_accessories,2017-07-03,61,10009.97,164.09786885245902,7,27
computers_accessories,2017-07-10,73,8277.87,113.3954794520548,7,28
computers_accessories,2017-07-17,82,10258.08,125.09853658536585,7,29
computers_accessories,2017-07-24,81,7466.87,92.18358024691358,7,30
computers_accessories,2017-07-31,84,8309.95,98.9279761904762,7,31
computers_accessories,2017-08-07,75,8972.23,119.62973333333333,8,32
computers_accessories,2017-08-14,85,6451.18,75.89623529411764,8,33
computers_accessories,2017-08-21,73,8281.9,113.45068493150684,8,34
computers_accessories,2017-08-28,57,4774.12,83.75649122807017,8,35
computers_accessories,2017-09-04,56,5930.51,105.90196428571429,9,36
computers_accessories,2017-09-11,72,7018.34,97.47694444444444,9,37
computers_accessories,2017-09-18,50,8004.06,160.0812,9,38
computers_accessories,2017-09-25,55,5501.07,100.01945454545454,9,39
computers_accessories,2017-10-02,62,8236.46,132.84612903225806,10,40
computers_accessories,2017-10-09,71,10259.48,144.49971830985916,10,41
computers_accessories,2017-10-16,70,8123.89,116.05557142857144,10,42
computers_accessories,2017-10-23,72,10476.21,145.50291666666666,10,43
computers_accessories,2017-10-30,67,8635.31,128.885223880597,10,44
computers_accessories,2017-11-06,81,9818.44,121.21530864197531,11,45
computers_accessories,2017-11-13,94,11981.789999999999,127.46585106382977,11,46
computers_accessories,2017-11-20,198,30606.61,154.5788383838384,11,47
computers_accessories,2017-11-27,138,17186.02,124.53637681159421,11,48
computers_accessories,2017-12-04,88,9264.37,105.27693181818182,12,49
computers_accessories,2017-12-11,56,10264.64,183.29714285714286,12,50
computers_accessories,2017-12-18,66,9863.869999999999,149.45257575757574,12,51
computers_accessories,2017-12-25,38,4248.38,111.79947368421053,12,52
computers_accessories,2018-01-01,82,12145.0,148.109756097561,1,1
computers_accessories,2018-01-08,174,22416.19,128.82867816091954,1,2
computers_accessories,2018-01-15,147,17331.420000000002,117.90081632653063,1,3
computers_accessories,2018-01-22,170,17126.36,100.74329411764707,1,4
computers_accessories,2018-01-29,214,22620.57,105.70359813084112,1,5
computers_accessories,2018-02-05,209,21291.14,101.87148325358851,2,6
computers_accessories,2018-02-12,205,22225.12,108.41521951219512,2,7
computers_accessories,2018-02-19,296,30047.56,101.51202702702703,2,8
computers_accessories,2018-02-26,284,27344.13,96.28214788732394,2,9
computers_accessories,2018-03-05,175,20621.22,117.83554285714287,3,10
computers_accessories,2018-03-12,134,17306.4,129.15223880597017,3,11
computers_accessories,2018-03-19,181,20288.78,112.09270718232044,3,12
computers_accessories,2018-03-26,154,16234.12,105.41636363636364,3,13
computers_accessories,2018-04-02,152,19650.75,129.28125,4,14
computers_accessories,2018-04-09,104,10624.380000000001,102.15750000000001,4,15
computers_accessories,2018-04-16,141,13701.79,97.17581560283689,4,16
computers_accessories,2018-04-23,99,9390.61,94.85464646464646,4,17
computers_accessories,2018-04-30,105,11077.380000000001,105.49885714285715,4,18
computers_accessories,2018-05-07,132,16119.45,122.11704545454546,5,19
computers_accessories,2018-05-14,124,12679.73,102.25588709677419,5,20
computers_accessories,2018-05-21,73,9118.44,124.91013698630138,5,21
computers_accessories,2018-05-28,49,6310.01,128.7757142857143,5,22
computers_accessories,2018-06-04,111,12711.78,114.52054054054055,6,23
computers_accessories,2018-06-11,79,7549.43,95.56240506329114,6,24
computers_accessories,2018-06-18,104,9455.66,90.91980769230769,6,25
computers_accessories,2018-06-25,103,10457.5,101.52912621359224,6,26
computers_accessories,2018-07-02,78,8807.57,112.9175641025641,7,27
computers_accessories,2018-07-09,65,6407.58,98.57815384615384,7,28
computers_accessories,2018-07-16,103,9742.83,94.59058252427184,7,29
computers_accessories,2018-07-23,113,10829.81,95.83902654867256,7,30
computers_accessories,2018-07-30,147,14214.14,96.69482993197279,7,31
computers_accessories,2018-08-06,128,14815.27,115.744296875,8,32
computers_accessories,2018-08-13,123,11329.34,92.10845528455285,8,33
computers_accessories,2018-08-20,58,3871.09,66.74293103448277,8,34
computers_accessories,2018-08-27,6,406.75,67.79166666666667,8,35
consoles_games,2016-10-03,5,3512.36,702.472,10,40
consoles_games,2016-10-10,2,107.0,53.5,10,41
consoles_games,2017-01-02,1,109.9,109.9,1,1
consoles_games,2017-01-09,1,109.9,109.9,1,2
consoles_games,2017-01-16,6,1211.8600000000001,201.9766666666667,1,3
consoles_games,2017-01-23,10,2629.08,262.908,1,4
consoles_games,2017-01-30,9,2303.2,255.9111111111111,1,5
consoles_games,2017-02-06,3,760.79,253.59666666666666,2,6
consoles_games,2017-02-13,2,155.89000000000001,77.94500000000001,2,7
consoles_games,2017-02-20,7,1528.59,218.36999999999998,2,8
consoles_games,2017-02-27,10,1922.5,192.25,2,9
consoles_games,2017-03-06,8,1906.57,238.32125,3,10
consoles_games,2017-03-13,13,3562.38,274.02923076923076,3,11
consoles_games,2017-03-20,9,1876.1299999999999,208.45888888888888,3,12
consoles_games,2017-03-27,8,674.4,84.3,3,13
consoles_games,2017-04-03,5,2527.5899999999997,505.5179999999999,4,14
consoles_games,2017-04-10,2,64.58,32.29,4,15
consoles_games,2017-04-17,6,920.5899999999999,153.43166666666664,4,16
consoles_games,2017-04-24,3,152.18,50.72666666666667,4,17
consoles_games,2017-05-01,6,364.28,60.71333333333333,5,18
consoles_games,2017-05-08,5,326.48,65.296,5,19
consoles_games,2017-05-15,10,955.83,95.583,5,20
consoles_games,2017-05-22,7,805.71,115.10142857142857,5,21
consoles_games,2017-05-29,3,437.28999999999996,145.76333333333332,5,22
consoles_games,2017-06-05,4,1297.48,324.37,6,23
consoles_games,2017-06-12,7,626.6,89.51428571428572,6,24
consoles_games,2017-06-19,11,2385.68,216.88,6,25
consoles_games,2017-06-26,5,616.88,123.376,6,26
consoles_games,2017-07-03,7,402.69,57.527142857142856,7,27
consoles_games,2017-07-10,8,270.58,33.8225,7,28
consoles_games,2017-07-17,9,1122.59,124.73222222222222,7,29
consoles_games,2017-07-24,19,2863.48,150.70947368421054,7,30
consoles_games,2017-07-31,15,1834.28,122.28533333333333,7,31
consoles_games,2017-08-07,10,2009.87,200.987,8,32
consoles_games,2017-08-14,21,1930.96,91.9504761904762,8,33
consoles_games,2017-08-21,29,1861.3799999999999,64.1855172413793,8,34
consoles_games,2017-08-28,23,2007.3999999999999,87.27826086956522,8,35
consoles_games,2017-09-04,18,1356.26,75.34777777777778,9,36
consoles_games,2017-09-11,11,1245.4,113.21818181818183,9,37
consoles_games,2017-09-18,3,1138.0,379.3333333333333,9,38
consoles_games,2017-09-25,22,3593.57,163.3440909090909,9,39
consoles_games,2017-10-02,14,791.26,56.51857142857143,10,40
consoles_games,2017-10-09,28,2906.4,103.8,10,41
consoles_games,2017-10-16,27,4084.58,151.28074074074073,10,42
consoles_games,2017-10-23,23,1852.79,80.55608695652174,10,43
consoles_games,2017-10-30,27,2764.94,102.40518518518519,10,44
consoles_games,2017-11-06,15,1249.24,83.28266666666667,11,45
consoles_games,2017-11-13,14,1272.76,90.91142857142857,11,46
consoles_games,2017-11-20,68,6207.64,91.28882352941177,11,47
consoles_games,2017-11-27,24,1956.29,81.51208333333334,11,48
consoles_games,2017-12-04,17,3178.45,186.96764705882353,12,49
consoles_games,2017-12-11,29,2360.95,81.41206896551724,12,50
consoles_games,2017-12-18,16,1659.6399999999999,103.72749999999999,12,51
consoles_games,2017-12-25,22,733.17,33.325909090909086,12,52
consoles_games,2018-01-01,18,1789.8700000000001,99.43722222222223,1,1
consoles_games,2018-01-08,11,957.4,87.03636363636363,1,2
consoles_games,2018-01-15,14,3681.66,262.9757142857143,1,3
consoles_games,2018-01-22,7,845.45,120.77857142857144,1,4
consoles_games,2018-01-29,7,1131.57,161.65285714285713,1,5
consoles_games,2018-02-05,10,3044.75,304.475,2,6
consoles_games,2018-02-12,15,2934.28,195.61866666666668,2,7
consoles_games,2018-02-19,13,3905.3500000000004,300.4115384615385,2,8
consoles_games,2018-02-26,17,2188.27,128.72176470588235,2,9
consoles_games,2018-03-05,16,2786.0699999999997,174.12937499999998,3,10
consoles_games,2018-03-12,12,663.2,55.26666666666667,3,11
consoles_games,2018-03-19,10,1774.4,177.44,3,12
consoles_games,2018-03-26,10,5270.049999999999,527.0049999999999,3,13
consoles_games,2018-04-02,14,1347.15,96.22500000000001,4,14
consoles_games,2018-04-09,11,995.13,90.46636363636364,4,15
consoles_games,2018-04-16,7,1443.18,206.16857142857143,4,16
consoles_games,2018-04-23,6,877.6,146.26666666666668,4,17
consoles_games,2018-04-30,15,1778.98,118.59866666666667,4,18
consoles_games,2018-05-07,12,1251.25,104.27083333333333,5,19
consoles_games,2018-05-14,17,2414.29,142.0170588235294,5,20
consoles_games,2018-05-21,2,25.169999999999998,12.584999999999999,5,21
consoles_games,2018-05-28,11,733.0699999999999,66.64272727272727,5,22
consoles_games,2018-06-04,5,3507.9799999999996,701.5959999999999,6,23
consoles_games,2018-06-11,13,888.26,68.3276923076923,6,24
consoles_games,2018-06-18,9,1153.0900000000001,128.12111111111113,6,25
consoles_games,2018-06-25,18,1568.1499999999999,87.11944444444444,6,26
consoles_games,2018-07-02,11,2218.97,201.72454545454545,7,27
consoles_games,2018-07-09,7,1161.64,165.94857142857146,7,28
consoles_games,2018-07-16,10,1179.04,117.904,7,29
consoles_games,2018-07-23,13,2632.5,202.5,7,30
consoles_games,2018-07-30,8,1425.79,178.22375,7,31
consoles_games,2018-08-06,19,1383.27,72.80368421052631,8,32
consoles_games,2018-08-13,20,1570.49,78.5245,8,33
consoles_games,2018-08-20,12,854.77,71.23083333333334,8,34
consoles_games,2018-08-27,2,114.99,57.495,8,35
construction_tools_construction,2017-01-30,1,149.9,149.9,1,5
construction_tools_construction,2017-02-06,1,149.9,149.9,2,6
construction_tools_construction,2017-02-13,1,36.99,36.99,2,7
construction_tools_construction,2017-02-27,1,38.9,38.9,2,9
construction_tools_construction,2017-05-29,1,99.99,99.99,5,22
construction_tools_construction,2017-06-05,3,116.69999999999999,38.9,6,23
construction_tools_construction,2017-06-12,4,159.68,39.92,6,24
construction_tools_construction,2017-06-26,1,99.99,99.99,6,26
construction_tools_construction,2017-07-03,1,99.99,99.99,7,27
construction_tools_construction,2017-07-10,3,299.96999999999997,99.99,7,28
construction_tools_construction,2017-07-17,1,99.99,99.99,7,29
construction_tools_construction,2017-07-24,1,49.49,49.49,7,30
construction_tools_construction,2017-07-31,1,112.0,112.0,7,31
construction_tools_construction,2017-08-07,1,112.0,112.0,8,32
construction_tools_construction,2017-08-14,3,488.0,162.66666666666666,8,33
construction_tools_construction,2017-08-21,1,79.0,79.0,8,34
construction_tools_construction,2017-08-28,2,588.0,294.0,8,35
construction_tools_construction,2017-09-04,5,887.7,177.54000000000002,9,36
construction_tools_construction,2017-09-11,2,93.8,46.9,9,37
construction_tools_construction,2017-09-25,2,59.8,29.9,9,39
construction_tools_construction,2017-10-02,5,464.3,92.86,10,40
construction_tools_construction,2017-10-09,7,1609.69,229.9557142857143,10,41
construction_tools_construction,2017-10-16,1,74.69,74.69,10,42
construction_tools_construction,2017-10-30,7,806.5,115.21428571428571,10,44
construction_tools_construction,2017-11-06,5,257.7,51.54,11,45
construction_tools_construction,2017-11-13,11,1712.5,155.6818181818182,11,46
construction_tools_construction,2017-11-20,19,3163.4,166.49473684210525,11,47
construction_tools_construction,2017-11-27,17,2939.16,172.89176470588234,11,48
construction_tools_construction,2017-12-04,6,2080.9,346.81666666666666,12,49
construction_tools_construction,2017-12-11,8,508.75,63.59375,12,50
construction_tools_construction,2017-12-18,2,163.8,81.9,12,51
construction_tools_construction,2017-12-25,5,1618.7,323.74,12,52
construction_tools_construction,2018-01-01,13,3143.58,241.81384615384616,1,1
construction_tools_construction,2018-01-08,8,1171.7800000000002,146.47250000000003,1,2
construction_tools_construction,2018-01-15,9,1517.89,168.65444444444447,1,3
construction_tools_construction,2018-01-22,9,2635.2400000000002,292.80444444444447,1,4
construction_tools_construction,2018-01-29,21,1961.8600000000001,93.42190476190477,1,5
construction_tools_construction,2018-02-05,20,2187.81,109.3905,2,6
construction_tools_construction,2018-02-12,7,1128.9,161.27142857142857,2,7
construction_tools_construction,2018-02-19,17,3678.99,216.41117647058823,2,8
construction_tools_construction,2018-02-26,28,4697.27,167.75964285714286,2,9
construction_tools_construction,2018-03-05,7,370.44,52.92,3,10
construction_tools_construction,2018-03-12,11,1852.97,168.4518181818182,3,11
construction_tools_construction,2018-03-19,21,2057.7,97.98571428571428,3,12
construction_tools_construction,2018-03-26,14,2122.19,151.585,3,13
construction_tools_construction,2018-04-02,21,4649.02,221.3819047619048,4,14
construction_tools_construction,2018-04-09,20,1898.01,94.9005,4,15
construction_tools_construction,2018-04-16,24,3021.92,125.91333333333334,4,16
construction_tools_construction,2018-04-23,19,2082.1,109.58421052631579,4,17
construction_tools_construction,2018-04-30,16,2682.61,167.663125,4,18
construction_tools_construction,2018-05-07,53,9452.58,178.35056603773586,5,19
construction_tools_construction,2018-05-14,28,2321.88,82.92428571428572,5,20
construction_tools_construction,2018-05-21,20,5779.66,288.983,5,21
construction_tools_construction,2018-05-28,19,2271.34,119.5442105263158,5,22
construction_tools_construction,2018-06-04,21,2463.7599999999998,117.32190476190475,6,23
construction_tools_construction,2018-06-11,27,9039.54,334.7977777777778,6,24
construction_tools_construction,2018-06-18,31,4552.45,146.8532258064516,6,25
construction_tools_construction,2018-06-25,31,6249.46,201.59548387096774,6,26
construction_tools_construction,2018-07-02,20,3994.26,199.71300000000002,7,27
construction_tools_construction,2018-07-09,15,2073.4,138.22666666666666,7,28
construction_tools_construction,2018-07-16,29,2800.61,96.57275862068965,7,29
construction_tools_construction,2018-07-23,35,5208.72,148.82057142857144,7,30
construction_tools_construction,2018-07-30,38,3351.5099999999998,88.19763157894737,7,31
construction_tools_construction,2018-08-06,39,4590.89,117.71512820512821,8,32
construction_tools_construction,2018-08-13,58,7544.69,130.0808620689655,8,33
construction_tools_construction,2018-08-20,37,8306.59,224.50243243243244,8,34
construction_tools_construction,2018-08-27,1,24.99,24.99,8,35
construction_tools_garden,2017-02-06,2,579.98,289.99,2,6
construction_tools_garden,2017-04-03,1,10.91,10.91,4,14
construction_tools_garden,2017-04-10,1,59.9,59.9,4,15
construction_tools_garden,2017-04-17,2,119.8,59.9,4,16
construction_tools_garden,2017-04-24,4,1299.6,324.9,4,17
construction_tools_garden,2017-05-08,4,1307.6,326.9,5,19
construction_tools_garden,2017-05-22,3,139.74,46.580000000000005,5,21
construction_tools_garden,2017-06-19,1,39.99,39.99,6,25
construction_tools_garden,2017-06-26,4,469.6,117.4,6,26
construction_tools_garden,2017-07-03,1,56.9,56.9,7,27
construction_tools_garden,2017-07-10,2,139.8,69.9,7,28
construction_tools_garden,2017-07-17,3,43.28,14.426666666666668,7,29
construction_tools_garden,2017-07-24,1,32.7,32.7,7,30
construction_tools_garden,2017-07-31,1,194.9,194.9,7,31
construction_tools_garden,2017-08-07,1,99.9,99.9,8,32
construction_tools_garden,2017-08-21,7,958.6899999999999,136.95571428571427,8,34
construction_tools_garden,2017-08-28,2,91.6,45.8,8,35
construction_tools_garden,2017-09-18,2,133.8,66.9,9,38
construction_tools_garden,2017-09-25,2,58.9,29.45,9,39
construction_tools_garden,2017-10-02,2,79.8,39.9,10,40
construction_tools_garden,2017-10-09,1,53.9,53.9,10,41
construction_tools_garden,2017-10-16,3,87.6,29.2,10,42
construction_tools_garden,2017-10-23,3,525.6,175.20000000000002,10,43
construction_tools_garden,2017-10-30,1,44.9,44.9,10,44
construction_tools_garden,2017-11-06,3,125.6,41.86666666666667,11,45
construction_tools_garden,2017-11-13,7,294.6,42.08571428571429,11,46
construction_tools_garden,2017-11-20,4,696.5,174.125,11,47
construction_tools_garden,2017-11-27,2,56.9,28.45,11,48
construction_tools_garden,2017-12-04,3,723.5,241.16666666666666,12,49
construction_tools_garden,2017-12-18,3,205.4,68.46666666666667,12,51
construction_tools_garden,2018-01-01,5,565.4,113.08,1,1
construction_tools_garden,2018-01-08,8,832.9,104.1125,1,2
construction_tools_garden,2018-01-15,7,1855.0,265.0,1,3
construction_tools_garden,2018-01-22,4,674.6800000000001,168.67000000000002,1,4
construction_tools_garden,2018-01-29,4,277.96999999999997,69.49249999999999,1,5
construction_tools_garden,2018-02-05,7,805.29,115.04142857142857,2,6
construction_tools_garden,2018-02-12,6,220.2,36.699999999999996,2,7
construction_tools_garden,2018-02-19,2,217.8,108.9,2,8
construction_tools_garden,2018-02-26,4,551.1899999999999,137.79749999999999,2,9
construction_tools_garden,2018-03-05,10,853.84,85.384,3,10
construction_tools_garden,2018-03-12,3,356.70000000000005,118.90000000000002,3,11
construction_tools_garden,2018-03-19,4,104.69,26.1725,3,12
construction_tools_garden,2018-03-26,2,237.8,118.9,3,13
construction_tools_garden,2018-04-02,3,94.78,31.593333333333334,4,14
construction_tools_garden,2018-04-09,3,110.18,36.72666666666667,4,15
construction_tools_garden,2018-04-16,6,738.71,123.11833333333334,4,16
construction_tools_garden,2018-04-23,5,342.31999999999994,68.46399999999998,4,17
construction_tools_garden,2018-04-30,5,149.14,29.827999999999996,4,18
construction_tools_garden,2018-05-07,7,608.75,86.96428571428571,5,19
construction_tools_garden,2018-05-14,1,47.99,47.99,5,20
construction_tools_garden,2018-05-21,3,209.3,69.76666666666667,5,21
construction_tools_garden,2018-05-28,4,254.68,63.67,5,22
construction_tools_garden,2018-06-04,1,72.9,72.9,6,23
construction_tools_garden,2018-06-11,2,80.99000000000001,40.495000000000005,6,24
construction_tools_garden,2018-06-18,2,177.89,88.945,6,25
construction_tools_garden,2018-06-25,3,311.88,103.96,6,26
construction_tools_garden,2018-07-02,6,395.3,65.88333333333334,7,27
construction_tools_garden,2018-07-09,5,153.08,30.616000000000003,7,28
construction_tools_garden,2018-07-16,3,79.64,26.546666666666667,7,29
construction_tools_garden,2018-07-23,8,1294.6399999999999,161.82999999999998,7,30
construction_tools_garden,2018-07-30,8,1354.5800000000002,169.32250000000002,7,31
construction_tools_garden,2018-08-06,8,1729.0500000000002,216.13125000000002,8,32
construction_tools_garden,2018-08-13,4,452.25,113.0625,8,33
construction_tools_garden,2018-08-20,1,72.9,72.9,8,34
construction_tools_garden,2018-08-27,2,79.98,39.99,8,35
construction_tools_lights,2017-07-24,1,360.0,360.0,7,30
construction_tools_lights,2017-07-31,1,360.0,360.0,7,31
construction_tools_lights,2017-08-28,1,229.0,229.0,8,35
construction_tools_lights,2017-09-11,1,229.0,229.0,9,37
construction_tools_lights,2017-10-09,1,250.0,250.0,10,41
construction_tools_lights,2017-10-30,2,500.0,250.0,10,44
construction_tools_lights,2017-11-06,1,250.0,250.0,11,45
construction_tools_lights,2017-11-13,2,49.98,24.99,11,46
construction_tools_lights,2017-11-20,4,1000.0,250.0,11,47
construction_tools_lights,2017-11-27,2,649.5,324.75,11,48
construction_tools_lights,2017-12-04,1,88.0,88.0,12,49
construction_tools_lights,2017-12-25,1,88.0,88.0,12,52
construction_tools_lights,2018-01-08,2,500.0,250.0,1,2
construction_tools_lights,2018-01-15,4,1834.99,458.7475,1,3
construction_tools_lights,2018-01-29,2,355.0,177.5,1,5
construction_tools_lights,2018-02-05,1,120.0,120.0,2,6
construction_tools_lights,2018-02-12,4,327.96999999999997,81.99249999999999,2,7
construction_tools_lights,2018-02-19,7,339.93,48.56142857142857,2,8
construction_tools_lights,2018-02-26,5,775.9,155.18,2,9
construction_tools_lights,2018-03-05,3,376.8,125.60000000000001,3,10
construction_tools_lights,2018-03-12,3,575.9,191.96666666666667,3,11
construction_tools_lights,2018-03-19,3,750.0,250.0,3,12
construction_tools_lights,2018-03-26,3,584.0,194.66666666666666,3,13
construction_tools_lights,2018-04-02,3,239.99,79.99666666666667,4,14
construction_tools_lights,2018-04-09,17,1983.0,116.6470588235294,4,15
construction_tools_lights,2018-04-16,13,1204.98,92.69076923076923,4,16
construction_tools_lights,2018-04-23,11,1370.0,124.54545454545455,4,17
construction_tools_lights,2018-04-30,7,769.7,109.95714285714287,4,18
construction_tools_lights,2018-05-07,12,1099.95,91.66250000000001,5,19
construction_tools_lights,2018-05-14,17,1929.87,113.52176470588235,5,20
construction_tools_lights,2018-05-21,4,550.0,137.5,5,21
construction_tools_lights,2018-05-28,7,1304.97,186.42428571428573,5,22
construction_tools_lights,2018-06-04,11,1187.28,107.93454545454546,6,23
construction_tools_lights,2018-06-11,6,365.99,60.998333333333335,6,24
construction_tools_lights,2018-06-18,13,952.97,73.30538461538461,6,25
construction_tools_lights,2018-06-25,10,1203.91,120.391,6,26
construction_tools_lights,2018-07-02,6,944.03,157.33833333333334,7,27
construction_tools_lights,2018-07-09,6,481.68,80.28,7,28
construction_tools_lights,2018-07-16,24,3551.78,147.99083333333334,7,29
construction_tools_lights,2018-07-23,12,979.4,81.61666666666666,7,30
construction_tools_lights,2018-07-30,16,2801.24,175.0775,7,31
construction_tools_lights,2018-08-06,27,3635.47,134.64703703703702,8,32
construction_tools_lights,2018-08-13,12,1564.94,130.41166666666666,8,33
construction_tools_lights,2018-08-20,11,1211.8799999999999,110.17090909090908,8,34
construction_tools_lights,2018-08-27,1,30.0,30.0,8,35
construction_tools_safety,2017-02-13,1,379.0,379.0,2,7
construction_tools_safety,2017-08-21,1,8.9,8.9,8,34
construction_tools_safety,2017-09-11,3,307.7,102.56666666666666,9,37
construction_tools_safety,2017-09-18,1,436.9,436.9,9,38
construction_tools_safety,2017-09-25,2,520.8299999999999,260.41499999999996,9,39
construction_tools_safety,2017-10-02,7,818.26,116.89428571428572,10,40
construction_tools_safety,2017-10-16,3,509.8,169.93333333333334,10,42
construction_tools_safety,2017-10-23,1,199.9,199.9,10,43
construction_tools_safety,2017-10-30,2,281.8,140.9,10,44
construction_tools_safety,2017-11-06,3,611.6999999999999,203.89999999999998,11,45
construction_tools_safety,2017-11-13,3,1357.79,452.59666666666664,11,46
construction_tools_safety,2017-11-20,5,999.5,199.9,11,47
construction_tools_safety,2017-11-27,2,229.9,114.95,11,48
construction_tools_safety,2017-12-04,2,599.9300000000001,299.96500000000003,12,49
construction_tools_safety,2017-12-11,1,379.94,379.94,12,50
construction_tools_safety,2017-12-18,3,205.05,68.35000000000001,12,51
construction_tools_safety,2018-01-08,6,760.25,126.70833333333333,1,2
construction_tools_safety,2018-01-15,2,549.84,274.92,1,3
construction_tools_safety,2018-01-22,2,898.9,449.45,1,4
construction_tools_safety,2018-01-29,3,1698.6299999999999,566.2099999999999,1,5
construction_tools_safety,2018-02-05,2,3298.9,1649.45,2,6
construction_tools_safety,2018-02-12,1,399.93,399.93,2,7
construction_tools_safety,2018-02-19,1,390.19,390.19,2,8
construction_tools_safety,2018-02-26,5,516.86,103.372,2,9
construction_tools_safety,2018-03-05,3,920.88,306.96,3,10
construction_tools_safety,2018-03-12,2,1671.18,835.59,3,11
construction_tools_safety,2018-03-19,6,174.0,29.0,3,12
construction_tools_safety,2018-03-26,8,2289.95,286.24375,3,13
construction_tools_safety,2018-04-02,9,771.05,85.67222222222222,4,14
construction_tools_safety,2018-04-09,1,99.0,99.0,4,15
construction_tools_safety,2018-04-16,6,1179.75,196.625,4,16
construction_tools_safety,2018-04-23,7,537.48,76.78285714285714,4,17
construction_tools_safety,2018-04-30,5,1448.96,289.79200000000003,4,18
construction_tools_safety,2018-05-07,5,897.49,179.498,5,19
construction_tools_safety,2018-05-14,7,992.68,141.81142857142856,5,20
construction_tools_safety,2018-05-21,6,3005.8599999999997,500.97666666666663,5,21
construction_tools_safety,2018-05-28,2,423.15,211.575,5,22
construction_tools_safety,2018-06-04,3,223.0,74.33333333333333,6,23
construction_tools_safety,2018-06-11,5,1074.37,214.87399999999997,6,24
construction_tools_safety,2018-06-18,3,655.0600000000001,218.35333333333335,6,25
construction_tools_safety,2018-06-25,3,189.79,63.26333333333333,6,26
construction_tools_safety,2018-07-02,2,198.0,99.0,7,27
construction_tools_safety,2018-07-09,1,99.0,99.0,7,28
construction_tools_safety,2018-07-16,7,1180.95,168.70714285714286,7,29
construction_tools_safety,2018-07-23,2,134.0,67.0,7,30
construction_tools_safety,2018-07-30,8,801.25,100.15625,7,31
construction_tools_safety,2018-08-06,6,1217.42,202.90333333333334,8,32
construction_tools_safety,2018-08-13,8,1436.71,179.58875,8,33
construction_tools_safety,2018-08-20,6,791.84,131.97333333333333,8,34
construction_tools_tools,2017-04-10,1,729.0,729.0,4,15
construction_tools_tools,2017-05-01,2,803.9,401.95,5,18
construction_tools_tools,2017-09-04,2,896.9,448.45,9,36
construction_tools_tools,2017-09-18,1,19.99,19.99,9,38
construction_tools_tools,2017-10-02,2,758.9,379.45,10,40
construction_tools_tools,2017-10-09,2,229.8,114.9,10,41
construction_tools_tools,2017-10-16,1,29.9,29.9,10,42
construction_tools_tools,2017-10-30,3,89.69999999999999,29.899999999999995,10,44
construction_tools_tools,2017-11-27,3,209.7,69.89999999999999,11,48
construction_tools_tools,2017-12-11,3,259.7,86.56666666666666,12,50
construction_tools_tools,2017-12-25,2,59.8,29.9,12,52
construction_tools_tools,2018-01-08,2,75.8,37.9,1,2
construction_tools_tools,2018-01-15,1,189.9,189.9,1,3
construction_tools_tools,2018-01-22,3,209.7,69.89999999999999,1,4
construction_tools_tools,2018-01-29,5,268.7,53.739999999999995,1,5
construction_tools_tools,2018-02-12,1,29.9,29.9,2,7
construction_tools_tools,2018-02-19,8,1076.5,134.5625,2,8
construction_tools_tools,2018-03-12,1,29.9,29.9,3,11
construction_tools_tools,2018-03-19,5,475.8,95.16,3,12
construction_tools_tools,2018-03-26,3,425.6,141.86666666666667,3,13
construction_tools_tools,2018-04-02,5,379.69,75.938,4,14
construction_tools_tools,2018-04-09,6,583.7,97.28333333333335,4,15
construction_tools_tools,2018-04-16,2,186.0,93.0,4,16
construction_tools_tools,2018-04-23,4,183.6,45.9,4,17
construction_tools_tools,2018-04-30,2,186.0,93.0,4,18
construction_tools_tools,2018-05-07,1,93.0,93.0,5,19
construction_tools_tools,2018-05-21,1,45.9,45.9,5,21
construction_tools_tools,2018-05-28,2,186.0,93.0,5,22
construction_tools_tools,2018-06-04,3,434.0,144.66666666666666,6,23
construction_tools_tools,2018-07-02,2,438.0,219.0,7,27
construction_tools_tools,2018-07-09,2,264.75,132.375,7,28
construction_tools_tools,2018-07-16,5,2620.95,524.1899999999999,7,29
construction_tools_tools,2018-07-23,3,2177.5,725.8333333333334,7,30
construction_tools_tools,2018-07-30,4,442.87,110.7175,7,31
construction_tools_tools,2018-08-06,1,232.75,232.75,8,32
construction_tools_tools,2018-08-13,6,406.76,67.79333333333334,8,33
construction_tools_tools,2018-08-20,3,173.39,57.79666666666666,8,34
cool_stuff,2016-10-03,7,1046.1,149.44285714285712,10,40
cool_stuff,2017-01-02,2,798.0,399.0,1,1
cool_stuff,2017-01-09,3,564.89,188.29666666666665,1,2
cool_stuff,2017-01-16,6,1447.6,241.26666666666665,1,3
cool_stuff,2017-01-23,21,3355.2999999999997,159.77619047619046,1,4
cool_stuff,2017-01-30,22,3907.41,177.60954545454544,1,5
cool_stuff,2017-02-06,18,3610.85,200.60277777777776,2,6
cool_stuff,2017-02-13,17,2080.72,122.39529411764704,2,7
cool_stuff,2017-02-20,12,1937.92,161.49333333333334,2,8
cool_stuff,2017-02-27,23,5133.639999999999,223.20173913043476,2,9
cool_stuff,2017-03-06,27,4402.98,163.07333333333332,3,10
cool_stuff,2017-03-13,29,4943.17,170.4541379310345,3,11
cool_stuff,2017-03-20,28,4923.849999999999,175.85178571428568,3,12
cool_stuff,2017-03-27,20,5142.36,257.118,3,13
cool_stuff,2017-04-03,28,4290.29,153.22464285714287,4,14
cool_stuff,2017-04-10,29,4774.82,164.64896551724138,4,15
cool_stuff,2017-04-17,23,4693.78,204.07739130434783,4,16
cool_stuff,2017-04-24,30,4789.61,159.65366666666665,4,17
cool_stuff,2017-05-01,45,6577.53,146.16733333333332,5,18
cool_stuff,2017-05-08,54,6833.01,126.53722222222223,5,19
cool_stuff,2017-05-15,68,8584.61,126.24426470588236,5,20
cool_stuff,2017-05-22,47,7543.41,160.49808510638297,5,21
cool_stuff,2017-05-29,57,10756.34,188.70771929824562,5,22
cool_stuff,2017-06-05,42,8688.41,206.86690476190475,6,23
cool_stuff,2017-06-12,51,6513.47,127.71509803921569,6,24
cool_stuff,2017-06-19,40,9380.63,234.51574999999997,6,25
cool_stuff,2017-06-26,57,8375.52,146.93894736842105,6,26
cool_stuff,2017-07-03,55,10627.8,193.23272727272726,7,27
cool_stuff,2017-07-10,63,9192.55,145.91349206349204,7,28
cool_stuff,2017-07-17,50,7692.4,153.84799999999998,7,29
cool_stuff,2017-07-24,34,5998.21,176.41794117647058,7,30
cool_stuff,2017-07-31,65,7451.68,114.64123076923077,7,31
cool_stuff,2017-08-07,67,12797.93,191.01388059701492,8,32
cool_stuff,2017-08-14,52,7265.139999999999,139.71423076923077,8,33
cool_stuff,2017-08-21,50,7743.95,154.879,8,34
cool_stuff,2017-08-28,45,8210.03,182.44511111111112,8,35
cool_stuff,2017-09-04,42,6698.28,159.48285714285714,9,36
cool_stuff,2017-09-11,49,8405.62,171.54326530612246,9,37
cool_stuff,2017-09-18,46,9910.25,215.44021739130434,9,38
cool_stuff,2017-09-25,55,8285.27,150.64127272727274,9,39
cool_stuff,2017-10-02,50,8503.95,170.079,10,40
cool_stuff,2017-10-09,61,10228.86,167.68622950819673,10,41
cool_stuff,2017-10-16,62,11424.32,184.2632258064516,10,42
cool_stuff,2017-10-23,57,10702.61,187.76508771929826,10,43
cool_stuff,2017-10-30,58,11544.82,199.04862068965517,10,44
cool_stuff,2017-11-06,63,12237.81,194.25095238095238,11,45
cool_stuff,2017-11-13,57,10555.05,185.17631578947368,11,46
cool_stuff,2017-11-20,91,19107.22,209.96945054945056,11,47
cool_stuff,2017-11-27,72,9074.0,126.02777777777777,11,48
cool_stuff,2017-12-04,88,14964.470000000001,170.05079545454547,12,49
cool_stuff,2017-12-11,64,8507.630000000001,132.93171875000002,12,50
cool_stuff,2017-12-18,31,4805.46,155.01483870967743,12,51
cool_stuff,2017-12-25,38,5428.87,142.865,12,52
cool_stuff,2018-01-01,63,8940.7,141.91587301587302,1,1
cool_stuff,2018-01-08,76,8627.960000000001,113.52578947368423,1,2
cool_stuff,2018-01-15,82,9635.76,117.50926829268293,1,3
cool_stuff,2018-01-22,55,8846.81,160.8510909090909,1,4
cool_stuff,2018-01-29,40,5900.75,147.51875,1,5
cool_stuff,2018-02-05,33,5763.25,174.6439393939394,2,6
cool_stuff,2018-02-12,51,9361.050000000001,183.55,2,7
cool_stuff,2018-02-19,59,8585.9,145.5237288135593,2,8
cool_stuff,2018-02-26,51,7464.36,146.35999999999999,2,9
cool_stuff,2018-03-05,59,9062.5,153.60169491525423,3,10
cool_stuff,2018-03-12,46,6617.77,143.86456521739132,3,11
cool_stuff,2018-03-19,66,10324.25,156.4280303030303,3,12
cool_stuff,2018-03-26,49,7506.83,153.20061224489797,3,13
cool_stuff,2018-04-02,50,8399.07,167.9814,4,14
cool_stuff,2018-04-09,54,7981.59,147.80722222222224,4,15
cool_stuff,2018-04-16,44,9506.36,216.05363636363637,4,16
cool_stuff,2018-04-23,48,7375.55,153.65729166666668,4,17
cool_stuff,2018-04-30,62,10518.94,169.66032258064516,4,18
cool_stuff,2018-05-07,48,7635.1,159.06458333333333,5,19
cool_stuff,2018-05-14,49,8548.49,174.45897959183674,5,20
cool_stuff,2018-05-21,17,3504.11,206.12411764705882,5,21
cool_stuff,2018-05-28,17,2861.19,168.30529411764707,5,22
cool_stuff,2018-06-04,21,2871.7,136.74761904761903,6,23
cool_stuff,2018-06-11,20,6625.38,331.269,6,24
cool_stuff,2018-06-18,24,4442.36,185.09833333333333,6,25
cool_stuff,2018-06-25,34,4500.49,132.36735294117648,6,26
cool_stuff,2018-07-02,20,2467.39,123.36949999999999,7,27
cool_stuff,2018-07-09,26,4122.36,158.5523076923077,7,28
cool_stuff,2018-07-16,27,3889.9,144.07037037037037,7,29
cool_stuff,2018-07-23,26,8187.8099999999995,314.91576923076923,7,30
cool_stuff,2018-07-30,40,5522.860000000001,138.07150000000001,7,31
cool_stuff,2018-08-06,39,5215.3,133.72564102564104,8,32
cool_stuff,2018-08-13,29,4284.04,147.72551724137932,8,33
cool_stuff,2018-08-20,19,2403.55,126.50263157894737,8,34
cool_stuff,2018-08-27,3,242.26999999999998,80.75666666666666,8,35
diapers_and_hygiene,2016-10-03,1,134.9,134.9,10,40
diapers_and_hygiene,2017-12-04,2,76.0,38.0,12,49
diapers_and_hygiene,2018-01-22,5,125.0,25.0,1,4
diapers_and_hygiene,2018-02-19,4,100.0,25.0,2,8
diapers_and_hygiene,2018-03-26,5,125.0,25.0,3,13
diapers_and_hygiene,2018-04-02,1,37.0,37.0,4,14
diapers_and_hygiene,2018-04-09,1,37.0,37.0,4,15
diapers_and_hygiene,2018-04-16,1,30.0,30.0,4,16
diapers_and_hygiene,2018-04-23,1,45.0,45.0,4,17
diapers_and_hygiene,2018-05-07,1,43.0,43.0,5,19
diapers_and_hygiene,2018-05-14,1,37.0,37.0,5,20
diapers_and_hygiene,2018-05-21,1,37.0,37.0,5,21
diapers_and_hygiene,2018-05-28,1,37.0,37.0,5,22
diapers_and_hygiene,2018-06-04,2,67.0,33.5,6,23
diapers_and_hygiene,2018-06-11,1,37.0,37.0,6,24
diapers_and_hygiene,2018-06-18,2,120.0,60.0,6,25
diapers_and_hygiene,2018-06-25,1,60.0,60.0,6,26
diapers_and_hygiene,2018-07-09,1,37.0,37.0,7,28
diapers_and_hygiene,2018-07-16,1,37.0,37.0,7,29
diapers_and_hygiene,2018-07-30,1,47.0,47.0,7,31
diapers_and_hygiene,2018-08-06,1,46.0,46.0,8,32
diapers_and_hygiene,2018-08-13,1,46.0,46.0,8,33
diapers_and_hygiene,2018-08-20,1,139.89,139.89,8,34
drinks,2017-02-27,1,169.9,169.9,2,9
drinks,2017-03-13,2,263.99,131.995,3,11
drinks,2017-03-20,2,29.98,14.99,3,12
drinks,2017-05-22,1,90.0,90.0,5,21
drinks,2017-06-05,1,49.99,49.99,6,23
drinks,2017-07-03,1,173.99,173.99,7,27
drinks,2017-07-24,2,99.98,49.99,7,30
drinks,2017-08-07,1,10.0,10.0,8,32
drinks,2017-08-14,1,109.9,109.9,8,33
drinks,2017-09-04,3,60.980000000000004,20.326666666666668,9,36
drinks,2017-09-11,3,184.0,61.333333333333336,9,37
drinks,2017-10-02,1,65.0,65.0,10,40
drinks,2017-10-09,2,66.0,33.0,10,41
drinks,2017-10-16,5,261.0,52.2,10,42
drinks,2017-10-23,2,60.49,30.245,10,43
drinks,2017-10-30,2,144.49,72.245,10,44
drinks,2017-11-06,1,38.49,38.49,11,45
drinks,2017-11-13,12,371.15999999999997,30.929999999999996,11,46
drinks,2017-11-20,3,202.98,67.66,11,47
drinks,2017-11-27,5,747.98,149.596,11,48
drinks,2017-12-04,6,263.46,43.91,12,49
drinks,2017-12-11,8,367.91999999999996,45.989999999999995,12,50
drinks,2017-12-18,10,418.53999999999996,41.854,12,51
drinks,2017-12-25,7,396.43,56.63285714285714,12,52
drinks,2018-01-01,16,763.86,47.74125,1,1
drinks,2018-01-08,18,700.23,38.90166666666667,1,2
drinks,2018-01-15,2,66.98,33.49,1,3
drinks,2018-01-22,8,482.96,60.37,1,4
drinks,2018-01-29,9,328.05,36.45,1,5
drinks,2018-02-05,5,812.96,162.592,2,6
drinks,2018-02-12,13,627.88,48.29846153846154,2,7
drinks,2018-02-19,8,272.15,34.01875,2,8
drinks,2018-02-26,4,224.98000000000002,56.245000000000005,2,9
drinks,2018-03-05,6,342.45000000000005,57.07500000000001,3,10
drinks,2018-03-12,3,134.98000000000002,44.99333333333334,3,11
drinks,2018-03-19,4,119.98,29.995,3,12
drinks,2018-03-26,7,275.8,39.4,3,13
drinks,2018-04-02,4,158.49,39.6225,4,14
drinks,2018-04-09,25,1369.8600000000001,54.7944,4,15
drinks,2018-04-16,16,3143.6,196.475,4,16
drinks,2018-04-23,8,301.49,37.68625,4,17
drinks,2018-04-30,14,900.13,64.295,4,18
drinks,2018-05-07,18,1078.92,59.940000000000005,5,19
drinks,2018-05-14,5,135.47,27.094,5,20
drinks,2018-05-21,10,391.47,39.147000000000006,5,21
drinks,2018-06-04,9,664.58,73.84222222222223,6,23
drinks,2018-06-11,13,387.82,29.83230769230769,6,24
drinks,2018-06-18,9,446.17999999999995,49.57555555555555,6,25
drinks,2018-06-25,2,68.49000000000001,34.245000000000005,6,26
drinks,2018-07-02,2,93.0,46.5,7,27
drinks,2018-07-09,2,105.49000000000001,52.745000000000005,7,28
drinks,2018-07-16,7,523.98,74.85428571428572,7,29
drinks,2018-07-23,3,258.9,86.3,7,30
drinks,2018-07-30,9,626.78,69.64222222222222,7,31
drinks,2018-08-06,8,463.33000000000004,57.916250000000005,8,32
drinks,2018-08-13,9,535.46,59.49555555555556,8,33
drinks,2018-08-20,2,42.49,21.245,8,34
drinks,2018-08-27,1,34.0,34.0,8,35
dvds_blu_ray,2017-01-30,2,29.8,14.9,1,5
dvds_blu_ray,2017-02-06,1,14.9,14.9,2,6
dvds_blu_ray,2017-03-06,2,29.8,14.9,3,10
dvds_blu_ray,2017-03-20,1,14.9,14.9,3,12
dvds_blu_ray,2017-03-27,1,409.0,409.0,3,13
dvds_blu_ray,2017-04-03,1,1420.0,1420.0,4,14
dvds_blu_ray,2017-04-17,1,14.9,14.9,4,16
dvds_blu_ray,2017-05-08,1,19.9,19.9,5,19
dvds_blu_ray,2017-05-15,2,39.8,19.9,5,20
dvds_blu_ray,2017-05-22,1,29.9,29.9,5,21
dvds_blu_ray,2017-05-29,1,19.9,19.9,5,22
dvds_blu_ray,2017-06-05,1,16.9,16.9,6,23
dvds_blu_ray,2017-06-12,1,69.99,69.99,6,24
dvds_blu_ray,2017-06-26,1,19.9,19.9,6,26
dvds_blu_ray,2017-07-03,1,699.0,699.0,7,27
dvds_blu_ray,2017-07-10,2,33.8,16.9,7,28
dvds_blu_ray,2017-07-31,1,16.9,16.9,7,31
dvds_blu_ray,2017-08-07,3,56.699999999999996,18.9,8,32
dvds_blu_ray,2017-08-14,1,19.9,19.9,8,33
dvds_blu_ray,2017-08-21,1,19.9,19.9,8,34
dvds_blu_ray,2017-08-28,1,19.9,19.9,8,35
dvds_blu_ray,2017-09-18,1,19.9,19.9,9,38
dvds_blu_ray,2017-10-02,1,24.9,24.9,10,40
dvds_blu_ray,2017-10-09,1,109.9,109.9,10,41
dvds_blu_ray,2017-10-23,2,39.8,19.9,10,43
dvds_blu_ray,2017-10-30,1,19.9,19.9,10,44
dvds_blu_ray,2017-11-27,2,59.89,29.945,11,48
dvds_blu_ray,2017-12-11,1,119.9,119.9,12,50
dvds_blu_ray,2018-01-01,1,24.9,24.9,1,1
dvds_blu_ray,2018-01-29,1,24.9,24.9,1,5
dvds_blu_ray,2018-02-05,1,24.9,24.9,2,6
dvds_blu_ray,2018-03-12,1,24.9,24.9,3,11
dvds_blu_ray,2018-03-19,1,24.9,24.9,3,12
dvds_blu_ray,2018-03-26,1,24.9,24.9,3,13
dvds_blu_ray,2018-04-02,2,49.8,24.9,4,14
dvds_blu_ray,2018-04-23,2,17.8,8.9,4,17
dvds_blu_ray,2018-04-30,1,83.99,83.99,4,18
dvds_blu_ray,2018-05-07,3,163.97,54.656666666666666,5,19
dvds_blu_ray,2018-05-14,2,167.98,83.99,5,20
dvds_blu_ray,2018-05-21,1,24.0,24.0,5,21
dvds_blu_ray,2018-06-04,1,25.0,25.0,6,23
dvds_blu_ray,2018-06-11,4,348.98,87.245,6,24
dvds_blu_ray,2018-06-25,1,8.9,8.9,6,26
dvds_blu_ray,2018-07-09,1,83.99,83.99,7,28
dvds_blu_ray,2018-08-20,1,8.9,8.9,8,34
electronics,2016-10-03,1,107.99,107.99,10,40
electronics,2017-01-16,10,557.1,55.71,1,3
electronics,2017-01-23,1,59.9,59.9,1,4
electronics,2017-02-06,6,268.65,44.775,2,6
electronics,2017-02-13,4,480.0,120.0,2,7
electronics,2017-02-20,3,328.0,109.33333333333333,2,8
electronics,2017-02-27,11,431.9,39.26363636363636,2,9
electronics,2017-03-06,6,628.79,104.79833333333333,3,10
electronics,2017-03-13,8,1236.47,154.55875,3,11
electronics,2017-03-20,9,845.87,93.98555555555555,3,12
electronics,2017-03-27,9,985.17,109.46333333333332,3,13
electronics,2017-04-03,13,744.37,57.25923076923077,4,14
electronics,2017-04-10,6,127.03999999999999,21.173333333333332,4,15
electronics,2017-04-17,13,881.67,67.82076923076923,4,16
electronics,2017-04-24,16,3069.16,191.8225,4,17
electronics,2017-05-01,11,1088.92,98.99272727272728,5,18
electronics,2017-05-08,18,2478.6800000000003,137.70444444444445,5,19
electronics,2017-05-15,17,584.99,34.41117647058824,5,20
electronics,2017-05-22,10,1259.74,125.974,5,21
electronics,2017-05-29,17,1181.58,69.50470588235294,5,22
electronics,2017-06-05,8,283.48,35.435,6,23
electronics,2017-06-12,11,516.39,46.944545454545455,6,24
electronics,2017-06-19,7,413.59000000000003,59.08428571428572,6,25
electronics,2017-06-26,10,544.6800000000001,54.468,6,26
electronics,2017-07-03,21,1684.86,80.23142857142857,7,27
electronics,2017-07-10,28,2219.9,79.28214285714286,7,28
electronics,2017-07-17,23,2186.68,95.07304347826086,7,29
electronics,2017-07-24,13,733.09,56.39153846153847,7,30
electronics,2017-07-31,16,780.9300000000001,48.808125000000004,7,31
electronics,2017-08-07,20,1594.76,79.738,8,32
electronics,2017-08-14,8,295.49,36.93625,8,33
electronics,2017-08-21,11,333.99,30.362727272727273,8,34
electronics,2017-08-28,14,525.09,37.50642857142857,8,35
electronics,2017-09-04,11,813.9,73.99090909090908,9,36
electronics,2017-09-11,17,1628.8899999999999,95.81705882352941,9,37
electronics,2017-09-18,15,859.88,57.32533333333333,9,38
electronics,2017-09-25,19,707.5899999999999,37.24157894736842,9,39
electronics,2017-10-02,8,286.38,35.7975,10,40
electronics,2017-10-09,10,783.0999999999999,78.30999999999999,10,41
electronics,2017-10-16,15,1245.41,83.02733333333335,10,42
electronics,2017-10-23,13,351.08,27.006153846153843,10,43
electronics,2017-10-30,22,1583.37,71.97136363636363,10,44
electronics,2017-11-06,25,944.57,37.7828,11,45
electronics,2017-11-13,25,1230.03,49.2012,11,46
electronics,2017-11-20,63,4178.85,66.33095238095238,11,47
electronics,2017-11-27,83,4194.21,50.53265060240964,11,48
electronics,2017-12-04,64,2586.5299999999997,40.414531249999996,12,49
electronics,2017-12-11,50,1870.06,37.401199999999996,12,50
electronics,2017-12-18,37,1757.3799999999999,47.49675675675675,12,51
electronics,2017-12-25,36,828.18,23.005,12,52
electronics,2018-01-01,84,5004.42,59.57642857142857,1,1
electronics,2018-01-08,80,3265.06,40.81325,1,2
electronics,2018-01-15,86,4393.96,51.09255813953489,1,3
electronics,2018-01-22,64,2131.95,33.31171875,1,4
electronics,2018-01-29,88,4498.38,51.117954545454545,1,5
electronics,2018-02-05,76,3177.54,41.80973684210526,2,6
electronics,2018-02-12,80,3420.83,42.760374999999996,2,7
electronics,2018-02-19,85,3386.91,39.846,2,8
electronics,2018-02-26,67,2596.83,38.75865671641791,2,9
electronics,2018-03-05,59,2405.24,40.76677966101695,3,10
electronics,2018-03-12,68,4468.29,65.71014705882352,3,11
electronics,2018-03-19,56,2873.78,51.3175,3,12
electronics,2018-03-26,49,2061.7,42.07551020408163,3,13
electronics,2018-04-02,48,2493.79,51.95395833333333,4,14
electronics,2018-04-09,45,2725.93,60.57622222222222,4,15
electronics,2018-04-16,41,1828.72,44.60292682926829,4,16
electronics,2018-04-23,61,3022.4900000000002,49.54901639344263,4,17
electronics,2018-04-30,48,2444.33,50.923541666666665,4,18
electronics,2018-05-07,72,2687.61,37.32791666666667,5,19
electronics,2018-05-14,78,6901.94,88.48641025641025,5,20
electronics,2018-05-21,26,3589.12,138.0430769230769,5,21
electronics,2018-05-28,29,1066.6599999999999,36.781379310344825,5,22
electronics,2018-06-04,41,1629.33,39.73975609756097,6,23
electronics,2018-06-11,48,2685.65,55.95104166666667,6,24
electronics,2018-06-18,47,3003.46,63.90340425531915,6,25
electronics,2018-06-25,50,2361.17,47.2234,6,26
electronics,2018-07-02,22,1218.3799999999999,55.380909090909086,7,27
electronics,2018-07-09,27,1728.74,64.02740740740741,7,28
electronics,2018-07-16,44,2378.83,54.06431818181818,7,29
electronics,2018-07-23,36,2144.4900000000002,59.569166666666675,7,30
electronics,2018-07-30,38,4882.1900000000005,128.47868421052632,7,31
electronics,2018-08-06,51,3628.89,71.15470588235294,8,32
electronics,2018-08-13,27,1790.01,66.29666666666667,8,33
electronics,2018-08-20,16,1838.98,114.93625,8,34
fashion_bags_accessories,2016-10-03,6,293.5,48.916666666666664,10,40
fashion_bags_accessories,2016-10-10,2,79.8,39.9,10,41
fashion_bags_accessories,2016-12-19,1,10.9,10.9,12,51
fashion_bags_accessories,2017-01-02,10,228.09000000000003,22.809000000000005,1,1
fashion_bags_accessories,2017-01-09,2,123.88999999999999,61.94499999999999,1,2
fashion_bags_accessories,2017-01-16,5,339.5,67.9,1,3
fashion_bags_accessories,2017-01-23,17,930.59,54.74058823529412,1,4
fashion_bags_accessories,2017-01-30,10,742.19,74.21900000000001,1,5
fashion_bags_accessories,2017-02-06,14,816.07,58.29071428571429,2,6
fashion_bags_accessories,2017-02-13,8,404.25,50.53125,2,7
fashion_bags_accessories,2017-02-20,4,188.7,47.175,2,8
fashion_bags_accessories,2017-02-27,8,717.3,89.6625,2,9
fashion_bags_accessories,2017-03-06,12,498.2,41.516666666666666,3,10
fashion_bags_accessories,2017-03-13,16,1238.2,77.3875,3,11
fashion_bags_accessories,2017-03-20,17,1038.4,61.082352941176474,3,12
fashion_bags_accessories,2017-03-27,16,1472.1599999999999,92.00999999999999,3,13
fashion_bags_accessories,2017-04-03,9,497.48,55.275555555555556,4,14
fashion_bags_accessories,2017-04-10,13,828.46,63.72769230769231,4,15
fashion_bags_accessories,2017-04-17,9,786.49,87.38777777777779,4,16
fashion_bags_accessories,2017-04-24,15,874.57,58.30466666666667,4,17
fashion_bags_accessories,2017-05-01,24,2037.48,84.895,5,18
fashion_bags_accessories,2017-05-08,16,1133.36,70.835,5,19
fashion_bags_accessories,2017-05-15,31,2037.96,65.74064516129032,5,20
fashion_bags_accessories,2017-05-22,26,1613.32,62.05076923076923,5,21
fashion_bags_accessories,2017-05-29,21,1570.26,74.77428571428571,5,22
fashion_bags_accessories,2017-06-05,26,1548.27,59.548846153846156,6,23
fashion_bags_accessories,2017-06-12,21,2132.71,101.55761904761906,6,24
fashion_bags_accessories,2017-06-19,12,1021.28,85.10666666666667,6,25
fashion_bags_accessories,2017-06-26,11,1003.2900000000001,91.20818181818183,6,26
fashion_bags_accessories,2017-07-03,16,970.58,60.66125,7,27
fashion_bags_accessories,2017-07-10,22,1562.04,71.00181818181818,7,28
fashion_bags_accessories,2017-07-17,20,1096.02,54.801,7,29
fashion_bags_accessories,2017-07-24,21,1003.78,47.79904761904762,7,30
fashion_bags_accessories,2017-07-31,21,1111.87,52.94619047619047,7,31
fashion_bags_accessories,2017-08-07,19,1287.06,67.74,8,32
fashion_bags_accessories,2017-08-14,32,2014.59,62.9559375,8,33
fashion_bags_accessories,2017-08-21,18,1359.69,75.53833333333334,8,34
fashion_bags_accessories,2017-08-28,17,1724.26,101.4270588235294,8,35
fashion_bags_accessories,2017-09-04,24,2169.37,90.39041666666667,9,36
fashion_bags_accessories,2017-09-11,39,4359.16,111.77333333333333,9,37
fashion_bags_accessories,2017-09-18,29,2228.66,76.8503448275862,9,38
fashion_bags_accessories,2017-09-25,23,2239.45,97.36739130434782,9,39
fashion_bags_accessories,2017-10-02,23,1257.22,54.66173913043478,10,40
fashion_bags_accessories,2017-10-09,27,2835.46,105.01703703703704,10,41
fashion_bags_accessories,2017-10-16,27,1888.85,69.9574074074074,10,42
fashion_bags_accessories,2017-10-23,28,1508.25,53.86607142857143,10,43
fashion_bags_accessories,2017-10-30,17,784.19,46.12882352941177,10,44
fashion_bags_accessories,2017-11-06,27,1375.98,50.96222222222222,11,45
fashion_bags_accessories,2017-11-13,33,2798.93,84.8160606060606,11,46
fashion_bags_accessories,2017-11-20,88,5703.98,64.81795454545454,11,47
fashion_bags_accessories,2017-11-27,49,3150.83,64.30265306122449,11,48
fashion_bags_accessories,2017-12-04,31,2681.75,86.50806451612904,12,49
fashion_bags_accessories,2017-12-11,35,2995.96,85.59885714285714,12,50
fashion_bags_accessories,2017-12-18,21,1467.3799999999999,69.87523809523809,12,51
fashion_bags_accessories,2017-12-25,28,1954.98,69.82071428571429,12,52
fashion_bags_accessories,2018-01-01,29,1860.88,64.16827586206897,1,1
fashion_bags_accessories,2018-01-08,32,1642.13,51.3165625,1,2
fashion_bags_accessories,2018-01-15,33,1977.86,59.93515151515151,1,3
fashion_bags_accessories,2018-01-22,21,1765.56,84.07428571428571,1,4
fashion_bags_accessories,2018-01-29,21,1140.89,54.328095238095244,1,5
fashion_bags_accessories,2018-02-05,27,2715.77,100.58407407407407,2,6
fashion_bags_accessories,2018-02-12,23,1395.05,60.654347826086955,2,7
fashion_bags_accessories,2018-02-19,34,2547.4500000000003,74.92500000000001,2,8
fashion_bags_accessories,2018-02-26,37,5412.91,146.29486486486485,2,9
fashion_bags_accessories,2018-03-05,27,1407.47,52.12851851851852,3,10
fashion_bags_accessories,2018-03-12,25,2026.07,81.0428,3,11
fashion_bags_accessories,2018-03-19,32,2410.86,75.339375,3,12
fashion_bags_accessories,2018-03-26,33,2155.45,65.31666666666666,3,13
fashion_bags_accessories,2018-04-02,29,2148.06,74.07103448275862,4,14
fashion_bags_accessories,2018-04-09,17,1287.95,75.76176470588236,4,15
fashion_bags_accessories,2018-04-16,16,894.51,55.906875,4,16
fashion_bags_accessories,2018-04-23,32,3120.05,97.5015625,4,17
fashion_bags_accessories,2018-04-30,32,4485.44,140.17,4,18
fashion_bags_accessories,2018-05-07,34,3386.08,99.59058823529412,5,19
fashion_bags_accessories,2018-05-14,26,2433.37,93.59115384615384,5,20
fashion_bags_accessories,2018-05-21,12,859.38,71.615,5,21
fashion_bags_accessories,2018-05-28,19,1408.19,74.11526315789474,5,22
fashion_bags_accessories,2018-06-04,22,1523.56,69.25272727272727,6,23
fashion_bags_accessories,2018-06-11,21,2397.17,114.15095238095239,6,24
fashion_bags_accessories,2018-06-18,16,1690.47,105.654375,6,25
fashion_bags_accessories,2018-06-25,22,1480.93,67.315,6,26
fashion_bags_accessories,2018-07-02,10,533.68,53.367999999999995,7,27
fashion_bags_accessories,2018-07-09,7,760.69,108.67,7,28
fashion_bags_accessories,2018-07-16,16,1811.08,113.1925,7,29
fashion_bags_accessories,2018-07-23,28,2195.45,78.40892857142856,7,30
fashion_bags_accessories,2018-07-30,44,2524.96,57.38545454545454,7,31
fashion_bags_accessories,2018-08-06,31,2069.66,66.76322580645162,8,32
fashion_bags_accessories,2018-08-13,36,2655.61,73.76694444444445,8,33
fashion_bags_accessories,2018-08-20,22,1367.99,62.181363636363635,8,34
fashion_bags_accessories,2018-08-27,2,99.8,49.9,8,35
fashion_childrens_clothes,2017-05-15,1,110.0,110.0,5,20
fashion_childrens_clothes,2017-06-05,1,110.0,110.0,6,23
fashion_childrens_clothes,2017-09-25,1,89.99,89.99,9,39
fashion_childrens_clothes,2017-10-02,1,39.99,39.99,10,40
fashion_childrens_clothes,2018-03-05,1,39.99,39.99,3,10
fashion_childrens_clothes,2018-03-19,1,39.99,39.99,3,12
fashion_childrens_clothes,2018-05-28,1,89.99,89.99,5,22
fashion_female_clothing,2016-10-03,1,54.9,54.9,10,40
fashion_female_clothing,2017-01-23,2,77.3,38.65,1,4
fashion_female_clothing,2017-02-06,1,119.0,119.0,2,6
fashion_female_clothing,2017-02-13,1,129.9,129.9,2,7
fashion_female_clothing,2017-02-20,1,115.0,115.0,2,8
fashion_female_clothing,2017-03-13,1,19.9,19.9,3,11
fashion_female_clothing,2017-04-10,1,64.9,64.9,4,15
fashion_female_clothing,2017-05-15,4,367.5,91.875,5,20
fashion_female_clothing,2017-06-05,2,89.9,44.95,6,23
fashion_female_clothing,2017-06-12,1,64.9,64.9,6,24
fashion_female_clothing,2017-06-26,1,49.0,49.0,6,26
fashion_female_clothing,2017-07-17,1,65.9,65.9,7,29
fashion_female_clothing,2017-07-24,1,65.9,65.9,7,30
fashion_female_clothing,2017-07-31,2,178.9,89.45,7,31
fashion_female_clothing,2017-08-07,1,64.9,64.9,8,32
fashion_female_clothing,2017-08-14,2,74.8,37.4,8,33
fashion_female_clothing,2017-08-28,1,47.0,47.0,8,35
fashion_female_clothing,2017-09-11,2,109.8,54.9,9,37
fashion_female_clothing,2017-09-18,1,198.9,198.9,9,38
fashion_female_clothing,2017-11-20,1,29.99,29.99,11,47
fashion_female_clothing,2017-11-27,1,29.99,29.99,11,48
fashion_female_clothing,2018-01-15,1,65.9,65.9,1,3
fashion_female_clothing,2018-01-22,1,29.99,29.99,1,4
fashion_female_clothing,2018-01-29,1,65.9,65.9,1,5
fashion_female_clothing,2018-02-12,1,29.99,29.99,2,7
fashion_female_clothing,2018-03-19,4,119.96,29.99,3,12
fashion_female_clothing,2018-04-23,5,174.95000000000002,34.99,4,17
fashion_female_clothing,2018-08-06,1,34.99,34.99,8,32
fashion_female_clothing,2018-08-20,2,94.98,47.49,8,34
fashion_male_clothing,2016-10-03,1,24.9,24.9,10,40
fashion_male_clothing,2017-01-16,1,126.9,126.9,1,3
fashion_male_clothing,2017-01-30,1,38.4,38.4,1,5
fashion_male_clothing,2017-02-06,2,124.80000000000001,62.400000000000006,2,6
fashion_male_clothing,2017-02-13,2,271.85,135.925,2,7
fashion_male_clothing,2017-02-20,1,110.9,110.9,2,8
fashion_male_clothing,2017-02-27,1,64.9,64.9,2,9
fashion_male_clothing,2017-03-06,1,14.9,14.9,3,10
fashion_male_clothing,2017-03-13,1,199.9,199.9,3,11
fashion_male_clothing,2017-03-20,5,201.20000000000002,40.24,3,12
fashion_male_clothing,2017-03-27,1,99.9,99.9,3,13
fashion_male_clothing,2017-04-03,2,129.89000000000001,64.94500000000001,4,14
fashion_male_clothing,2017-04-17,3,237.0,79.0,4,16
fashion_male_clothing,2017-05-08,1,110.9,110.9,5,19
fashion_male_clothing,2017-05-15,3,498.0,166.0,5,20
fashion_male_clothing,2017-05-29,3,74.69999999999999,24.899999999999995,5,22
fashion_male_clothing,2017-06-05,1,59.9,59.9,6,23
fashion_male_clothing,2017-06-12,4,255.20000000000002,63.800000000000004,6,24
fashion_male_clothing,2017-06-19,1,129.99,129.99,6,25
fashion_male_clothing,2017-07-10,5,258.19,51.638,7,28
fashion_male_clothing,2017-07-17,3,321.9,107.3,7,29
fashion_male_clothing,2017-07-24,1,139.9,139.9,7,30
fashion_male_clothing,2017-07-31,3,219.79000000000002,73.26333333333334,7,31
fashion_male_clothing,2017-08-07,1,49.9,49.9,8,32
fashion_male_clothing,2017-08-14,5,510.78000000000003,102.156,8,33
fashion_male_clothing,2017-08-21,4,324.69,81.1725,8,34
fashion_male_clothing,2017-08-28,1,69.9,69.9,8,35
fashion_male_clothing,2017-09-04,4,279.6,69.9,9,36
fashion_male_clothing,2017-09-11,3,293.8,97.93333333333334,9,37
fashion_male_clothing,2017-09-18,3,169.7,56.56666666666666,9,38
fashion_male_clothing,2017-09-25,6,434.40000000000003,72.4,9,39
fashion_male_clothing,2017-10-02,4,397.6,99.4,10,40
fashion_male_clothing,2017-10-09,3,427.3,142.43333333333334,10,41
fashion_male_clothing,2017-10-30,8,661.5,82.6875,10,44
fashion_male_clothing,2017-11-06,1,24.9,24.9,11,45
fashion_male_clothing,2017-11-13,1,40.9,40.9,11,46
fashion_male_clothing,2017-11-20,1,59.9,59.9,11,47
fashion_male_clothing,2017-11-27,3,240.79,80.26333333333334,11,48
fashion_male_clothing,2017-12-04,2,108.4,54.2,12,49
fashion_male_clothing,2017-12-11,1,49.99,49.99,12,50
fashion_male_clothing,2017-12-18,1,292.5,292.5,12,51
fashion_male_clothing,2018-01-01,3,299.7,99.89999999999999,1,1
fashion_male_clothing,2018-01-08,1,147.5,147.5,1,2
fashion_male_clothing,2018-01-22,1,43.5,43.5,1,4
fashion_male_clothing,2018-01-29,1,59.9,59.9,1,5
fashion_male_clothing,2018-02-19,2,237.19,118.595,2,8
fashion_male_clothing,2018-02-26,1,150.9,150.9,2,9
fashion_male_clothing,2018-04-23,1,195.0,195.0,4,17
fashion_male_clothing,2018-05-07,1,129.99,129.99,5,19
fashion_male_clothing,2018-05-28,1,65.0,65.0,5,22
fashion_male_clothing,2018-06-04,1,52.9,52.9,6,23
fashion_male_clothing,2018-06-18,2,80.0,40.0,6,25
fashion_male_clothing,2018-06-25,3,249.9,83.3,6,26
fashion_male_clothing,2018-07-16,1,24.9,24.9,7,29
fashion_male_clothing,2018-07-23,4,183.8,45.95,7,30
fashion_male_clothing,2018-07-30,1,198.8,198.8,7,31
fashion_male_clothing,2018-08-06,1,52.9,52.9,8,32
fashion_male_clothing,2018-08-13,1,129.99,129.99,8,33
fashion_shoes,2016-10-03,1,29.99,29.99,10,40
fashion_shoes,2017-01-16,1,34.9,34.9,1,3
fashion_shoes,2017-02-06,1,37.25,37.25,2,6
fashion_shoes,2017-02-13,2,69.8,34.9,2,7
fashion_shoes,2017-02-27,2,185.8,92.9,2,9
fashion_shoes,2017-03-06,3,357.7,119.23333333333333,3,10
fashion_shoes,2017-03-13,2,232.6,116.3,3,11
fashion_shoes,2017-03-20,5,548.0999999999999,109.61999999999998,3,12
fashion_shoes,2017-03-27,3,265.7,88.56666666666666,3,13
fashion_shoes,2017-04-03,4,215.60000000000002,53.900000000000006,4,14
fashion_shoes,2017-04-10,4,334.4,83.6,4,15
fashion_shoes,2017-04-17,6,403.40000000000003,67.23333333333333,4,16
fashion_shoes,2017-04-24,8,498.20000000000005,62.275000000000006,4,17
fashion_shoes,2017-05-01,4,125.6,31.4,5,18
fashion_shoes,2017-05-08,5,180.5,36.1,5,19
fashion_shoes,2017-05-15,5,231.5,46.3,5,20
fashion_shoes,2017-05-22,5,403.14,80.628,5,21
fashion_shoes,2017-05-29,7,1294.1599999999999,184.87999999999997,5,22
fashion_shoes,2017-06-05,3,173.54,57.846666666666664,6,23
fashion_shoes,2017-06-12,6,265.24,44.20666666666667,6,24
fashion_shoes,2017-06-19,3,137.62,45.873333333333335,6,25
fashion_shoes,2017-06-26,4,172.51999999999998,43.129999999999995,6,26
fashion_shoes,2017-07-03,2,315.8,157.9,7,27
fashion_shoes,2017-07-10,4,215.44,53.86,7,28
fashion_shoes,2017-07-17,7,314.74,44.962857142857146,7,29
fashion_shoes,2017-07-24,4,376.24,94.06,7,30
fashion_shoes,2017-07-31,4,310.69,77.6725,7,31
fashion_shoes,2017-08-07,4,454.4,113.6,8,32
fashion_shoes,2017-08-14,7,411.3,58.75714285714286,8,33
fashion_shoes,2017-08-21,6,171.39999999999998,28.566666666666663,8,34
fashion_shoes,2017-08-28,2,169.8,84.9,8,35
fashion_shoes,2017-09-04,1,27.9,27.9,9,36
fashion_shoes,2017-09-11,9,872.1,96.9,9,37
fashion_shoes,2017-09-18,1,29.9,29.9,9,38
fashion_shoes,2017-09-25,2,169.8,84.9,9,39
fashion_shoes,2017-10-02,1,199.7,199.7,10,40
fashion_shoes,2017-10-09,3,289.20000000000005,96.40000000000002,10,41
fashion_shoes,2017-10-16,9,900.8,100.08888888888889,10,42
fashion_shoes,2017-10-23,2,271.52,135.76,10,43
fashion_shoes,2017-10-30,6,396.5,66.08333333333333,10,44
fashion_shoes,2017-11-06,2,221.9,110.95,11,45
fashion_shoes,2017-11-13,1,84.9,84.9,11,46
fashion_shoes,2017-11-20,10,1078.6,107.85999999999999,11,47
fashion_shoes,2017-11-27,4,182.39999999999998,45.599999999999994,11,48
fashion_shoes,2017-12-04,1,84.9,84.9,12,49
fashion_shoes,2017-12-11,6,397.0,66.16666666666667,12,50
fashion_shoes,2017-12-18,3,275.7,91.89999999999999,12,51
fashion_shoes,2017-12-25,2,284.6,142.3,12,52
fashion_shoes,2018-01-08,1,56.8,56.8,1,2
fashion_shoes,2018-01-15,3,240.4,80.13333333333334,1,3
fashion_shoes,2018-01-22,2,114.80000000000001,57.400000000000006,1,4
fashion_shoes,2018-01-29,3,254.70000000000002,84.9,1,5
fashion_shoes,2018-02-05,4,204.1,51.025,2,6
fashion_shoes,2018-02-12,1,87.5,87.5,2,7
fashion_shoes,2018-02-19,5,584.2,116.84,2,8
fashion_shoes,2018-02-26,2,357.6,178.8,2,9
fashion_shoes,2018-03-05,2,99.80000000000001,49.900000000000006,3,10
fashion_shoes,2018-03-12,3,282.3,94.10000000000001,3,11
fashion_shoes,2018-03-19,3,171.7,57.23333333333333,3,12
fashion_shoes,2018-03-26,3,457.5,152.5,3,13
fashion_shoes,2018-04-02,3,345.3,115.10000000000001,4,14
fashion_shoes,2018-04-09,2,298.2,149.1,4,15
fashion_shoes,2018-04-16,2,280.8,140.4,4,16
fashion_shoes,2018-04-23,3,356.5,118.83333333333333,4,17
fashion_shoes,2018-04-30,3,664.6,221.53333333333333,4,18
fashion_shoes,2018-05-07,2,257.8,128.9,5,19
fashion_shoes,2018-05-14,2,275.8,137.9,5,20
fashion_shoes,2018-05-28,6,664.2,110.7,5,22
fashion_shoes,2018-06-04,3,279.70000000000005,93.23333333333335,6,23
fashion_shoes,2018-06-11,2,280.69,140.345,6,24
fashion_shoes,2018-06-18,2,390.49,195.245,6,25
fashion_shoes,2018-07-09,1,169.79,169.79,7,28
fashion_shoes,2018-07-16,3,429.70000000000005,143.23333333333335,7,29
fashion_shoes,2018-07-30,1,220.7,220.7,7,31
fashion_shoes,2018-08-06,1,220.7,220.7,8,32
fashion_shoes,2018-08-13,1,29.9,29.9,8,33
fashion_shoes,2018-08-20,1,220.7,220.7,8,34
fashion_sport,2017-02-27,1,39.9,39.9,2,9
fashion_sport,2017-03-27,1,49.9,49.9,3,13
fashion_sport,2017-04-10,2,114.88999999999999,57.44499999999999,4,15
fashion_sport,2017-04-17,1,24.99,24.99,4,16
fashion_sport,2017-05-08,2,74.89,37.445,5,19
fashion_sport,2017-05-22,1,49.95,49.95,5,21
fashion_sport,2017-05-29,1,89.9,89.9,5,22
fashion_sport,2017-06-05,2,270.8,135.4,6,23
fashion_sport,2017-06-12,1,69.9,69.9,6,24
fashion_sport,2017-06-26,1,39.9,39.9,6,26
fashion_sport,2017-07-17,1,69.9,69.9,7,29
fashion_sport,2017-08-14,1,59.9,59.9,8,33
fashion_sport,2017-08-28,1,205.9,205.9,8,35
fashion_sport,2017-09-25,5,384.6,76.92,9,39
fashion_sport,2017-10-09,1,59.9,59.9,10,41
fashion_sport,2017-11-13,1,59.9,59.9,11,46
fashion_sport,2017-12-11,1,59.9,59.9,12,50
fashion_sport,2018-01-01,1,59.9,59.9,1,1
fashion_sport,2018-01-08,1,59.9,59.9,1,2
fashion_sport,2018-03-12,1,89.9,89.9,3,11
fashion_sport,2018-04-02,1,89.9,89.9,4,14
fashion_sport,2018-08-13,1,69.9,69.9,8,33
fashion_underwear_beach,2017-01-16,1,86.25,86.25,1,3
fashion_underwear_beach,2017-01-30,4,151.98,37.995,1,5
fashion_underwear_beach,2017-02-06,4,222.99,55.7475,2,6
fashion_underwear_beach,2017-02-13,1,73.0,73.0,2,7
fashion_underwear_beach,2017-03-06,2,138.25,69.125,3,10
fashion_underwear_beach,2017-03-13,3,81.89,27.296666666666667,3,11
fashion_underwear_beach,2017-03-27,1,174.0,174.0,3,13
fashion_underwear_beach,2017-04-03,2,86.99,43.495,4,14
fashion_underwear_beach,2017-04-10,1,5.9,5.9,4,15
fashion_underwear_beach,2017-05-01,1,5.9,5.9,5,18
fashion_underwear_beach,2017-05-08,2,11.8,5.9,5,19
fashion_underwear_beach,2017-05-15,3,73.8,24.599999999999998,5,20
fashion_underwear_beach,2017-05-22,1,192.0,192.0,5,21
fashion_underwear_beach,2017-06-19,1,3.9,3.9,6,25
fashion_underwear_beach,2017-07-10,1,59.9,59.9,7,28
fashion_underwear_beach,2017-07-17,1,59.9,59.9,7,29
fashion_underwear_beach,2017-07-24,1,155.0,155.0,7,30
fashion_underwear_beach,2017-08-07,4,511.9,127.975,8,32
fashion_underwear_beach,2017-08-14,3,199.70000000000002,66.56666666666668,8,33
fashion_underwear_beach,2017-08-21,4,249.6,62.4,8,34
fashion_underwear_beach,2017-08-28,2,149.8,74.9,8,35
fashion_underwear_beach,2017-09-04,2,149.8,74.9,9,36
fashion_underwear_beach,2017-09-11,4,535.9,133.975,9,37
fashion_underwear_beach,2017-09-18,7,591.4,84.48571428571428,9,38
fashion_underwear_beach,2017-09-25,3,342.8,114.26666666666667,9,39
fashion_underwear_beach,2017-10-02,1,49.9,49.9,10,40
fashion_underwear_beach,2017-10-23,1,27.9,27.9,10,43
fashion_underwear_beach,2017-10-30,1,110.0,110.0,10,44
fashion_underwear_beach,2017-11-06,1,59.9,59.9,11,45
fashion_underwear_beach,2017-11-13,2,338.0,169.0,11,46
fashion_underwear_beach,2017-11-20,1,152.0,152.0,11,47
fashion_underwear_beach,2017-11-27,7,721.6,103.08571428571429,11,48
fashion_underwear_beach,2017-12-04,4,314.7,78.675,12,49
fashion_underwear_beach,2017-12-11,3,324.9,108.3,12,50
fashion_underwear_beach,2017-12-18,2,211.9,105.95,12,51
fashion_underwear_beach,2017-12-25,3,271.7,90.56666666666666,12,52
fashion_underwear_beach,2018-01-01,1,59.9,59.9,1,1
fashion_underwear_beach,2018-01-08,3,274.8,91.60000000000001,1,2
fashion_underwear_beach,2018-01-15,2,310.0,155.0,1,3
fashion_underwear_beach,2018-01-29,2,109.8,54.9,1,5
fashion_underwear_beach,2018-02-05,3,149.7,49.9,2,6
fashion_underwear_beach,2018-02-12,1,59.9,59.9,2,7
fashion_underwear_beach,2018-02-19,2,109.8,54.9,2,8
fashion_underwear_beach,2018-02-26,2,139.7,69.85,2,9
fashion_underwear_beach,2018-03-05,3,169.7,56.56666666666666,3,10
fashion_underwear_beach,2018-03-19,1,59.9,59.9,3,12
fashion_underwear_beach,2018-04-02,1,79.9,79.9,4,14
fashion_underwear_beach,2018-04-09,2,109.8,54.9,4,15
fashion_underwear_beach,2018-04-23,3,169.7,56.56666666666666,4,17
fashion_underwear_beach,2018-04-30,2,7.8,3.9,4,18
fashion_underwear_beach,2018-05-07,2,99.8,49.9,5,19
fashion_underwear_beach,2018-05-14,1,49.9,49.9,5,20
fashion_underwear_beach,2018-05-21,1,49.9,49.9,5,21
fashion_underwear_beach,2018-05-28,1,49.9,49.9,5,22
fashion_underwear_beach,2018-06-11,5,19.5,3.9,6,24
fashion_underwear_beach,2018-06-25,1,59.9,59.9,6,26
fashion_underwear_beach,2018-07-02,1,49.9,49.9,7,27
fashion_underwear_beach,2018-07-23,1,59.9,59.9,7,30
fashion_underwear_beach,2018-08-06,1,160.0,160.0,8,32
fixed_telephony,2016-10-03,4,698.88,174.72,10,40
fixed_telephony,2016-10-10,1,6.0,6.0,10,41
fixed_telephony,2017-01-02,2,21.48,10.74,1,1
fixed_telephony,2017-01-09,4,91.78,22.945,1,2
fixed_telephony,2017-01-16,10,372.94,37.294,1,3
fixed_telephony,2017-01-23,5,179.93,35.986000000000004,1,4
fixed_telephony,2017-01-30,4,60.87,15.2175,1,5
fixed_telephony,2017-02-06,3,75.88,25.293333333333333,2,6
fixed_telephony,2017-02-13,6,206.65000000000003,34.44166666666667,2,7
fixed_telephony,2017-02-20,4,97.88,24.47,2,8
fixed_telephony,2017-02-27,12,759.7900000000001,63.31583333333334,2,9
fixed_telephony,2017-03-06,4,142.87,35.7175,3,10
fixed_telephony,2017-03-13,1,60.0,60.0,3,11
fixed_telephony,2017-03-20,3,79.78999999999999,26.596666666666664,3,12
fixed_telephony,2017-03-27,6,619.94,103.32333333333334,3,13
fixed_telephony,2017-04-03,2,356.9,178.45,4,14
fixed_telephony,2017-04-10,1,39.99,39.99,4,15
fixed_telephony,2017-04-17,1,60.0,60.0,4,16
fixed_telephony,2017-04-24,2,48.94,24.47,4,17
fixed_telephony,2017-05-01,3,262.97,87.65666666666668,5,18
fixed_telephony,2017-05-08,2,72.89,36.445,5,19
fixed_telephony,2017-05-15,2,57.989999999999995,28.994999999999997,5,20
fixed_telephony,2017-05-29,4,117.96000000000001,29.490000000000002,5,22
fixed_telephony,2017-06-05,3,618.75,206.25,6,23
fixed_telephony,2017-06-12,3,142.98,47.66,6,24
fixed_telephony,2017-06-19,1,19.99,19.99,6,25
fixed_telephony,2017-06-26,3,85.97,28.656666666666666,6,26
fixed_telephony,2017-07-03,4,105.78,26.445,7,27
fixed_telephony,2017-07-10,2,52.980000000000004,26.490000000000002,7,28
fixed_telephony,2017-07-17,1,19.99,19.99,7,29
fixed_telephony,2017-07-24,2,39.98,19.99,7,30
fixed_telephony,2017-07-31,3,437.89,145.96333333333334,7,31
fixed_telephony,2017-08-07,10,1863.79,186.379,8,32
fixed_telephony,2017-08-14,6,883.86,147.31,8,33
fixed_telephony,2017-08-21,1,158.0,158.0,8,34
fixed_telephony,2017-08-28,2,49.980000000000004,24.990000000000002,8,35
fixed_telephony,2017-09-18,2,52.980000000000004,26.490000000000002,9,38
fixed_telephony,2017-09-25,9,13589.95,1509.9944444444445,9,39
fixed_telephony,2017-10-02,2,1191.89,595.945,10,40
fixed_telephony,2017-10-09,2,2179.99,1089.995,10,41
fixed_telephony,2017-10-16,3,380.0,126.66666666666667,10,42
fixed_telephony,2017-11-20,4,853.98,213.495,11,47
fixed_telephony,2017-11-27,2,713.99,356.995,11,48
fixed_telephony,2017-12-04,1,199.9,199.9,12,49
fixed_telephony,2017-12-11,1,64.98,64.98,12,50
fixed_telephony,2017-12-18,1,70.0,70.0,12,51
fixed_telephony,2017-12-25,1,39.9,39.9,12,52
fixed_telephony,2018-01-01,2,1788.99,894.495,1,1
fixed_telephony,2018-01-08,2,105.9,52.95,1,2
fixed_telephony,2018-01-15,5,533.91,106.782,1,3
fixed_telephony,2018-01-22,1,15.3,15.3,1,4
fixed_telephony,2018-01-29,2,61.8,30.9,1,5
fixed_telephony,2018-02-05,6,4269.99,711.665,2,6
fixed_telephony,2018-02-12,2,306.99,153.495,2,7
fixed_telephony,2018-02-26,1,99.9,99.9,2,9
fixed_telephony,2018-03-05,2,169.0,84.5,3,10
fixed_telephony,2018-03-12,1,119.9,119.9,3,11
fixed_telephony,2018-03-19,7,1170.9,167.27142857142857,3,12
fixed_telephony,2018-03-26,4,470.79,117.6975,3,13
fixed_telephony,2018-04-02,7,1221.97,174.56714285714287,4,14
fixed_telephony,2018-04-09,2,288.99,144.495,4,15
fixed_telephony,2018-04-16,1,16.99,16.99,4,16
fixed_telephony,2018-04-23,1,393.99,393.99,4,17
fixed_telephony,2018-04-30,1,90.0,90.0,4,18
fixed_telephony,2018-05-07,2,403.2,201.6,5,19
fixed_telephony,2018-05-14,3,287.0,95.66666666666667,5,20
fixed_telephony,2018-05-21,10,1066.0,106.6,5,21
fixed_telephony,2018-05-28,2,37.8,18.9,5,22
fixed_telephony,2018-06-04,2,143.99,71.995,6,23
fixed_telephony,2018-06-11,4,423.84,105.96,6,24
fixed_telephony,2018-06-18,4,1082.99,270.7475,6,25
fixed_telephony,2018-06-25,5,391.70000000000005,78.34,6,26
fixed_telephony,2018-07-02,1,33.0,33.0,7,27
fixed_telephony,2018-07-09,4,7160.0,1790.0,7,28
fixed_telephony,2018-07-16,3,537.4,179.13333333333333,7,29
fixed_telephony,2018-07-23,2,293.99,146.995,7,30
fixed_telephony,2018-07-30,4,2234.7799999999997,558.6949999999999,7,31
fixed_telephony,2018-08-06,6,1714.49,285.74833333333333,8,32
fixed_telephony,2018-08-13,1,69.9,69.9,8,33
flowers,2017-11-06,3,88.3,29.433333333333334,11,45
flowers,2017-11-13,3,99.5,33.166666666666664,11,46
flowers,2017-11-27,1,59.9,59.9,11,48
flowers,2017-12-04,1,22.8,22.8,12,49
flowers,2018-01-01,2,33.2,16.6,1,1
flowers,2018-01-08,4,155.4,38.85,1,2
flowers,2018-01-15,4,96.00000000000001,24.000000000000004,1,3
flowers,2018-01-29,1,17.6,17.6,1,5
flowers,2018-02-05,2,90.89,45.445,2,6
flowers,2018-02-12,1,25.99,25.99,2,7
flowers,2018-03-12,1,29.89,29.89,3,11
flowers,2018-03-19,1,29.89,29.89,3,12
flowers,2018-03-26,1,29.89,29.89,3,13
flowers,2018-04-09,1,42.0,42.0,4,15
flowers,2018-04-16,1,63.9,63.9,4,16
flowers,2018-04-30,2,68.9,34.45,4,18
flowers,2018-06-11,2,108.0,54.0,6,24
flowers,2018-07-16,2,47.989999999999995,23.994999999999997,7,29
food,2016-10-10,1,79.9,79.9,10,41
food,2017-01-23,2,42.82,21.41,1,4
food,2017-01-30,1,149.9,149.9,1,5
food,2017-02-06,2,165.22,82.61,2,6
food,2017-02-13,3,327.3,109.10000000000001,2,7
food,2017-02-20,2,34.31,17.155,2,8
food,2017-02-27,1,149.9,149.9,2,9
food,2017-03-06,5,544.28,108.856,3,10
food,2017-03-13,8,1020.62,127.5775,3,11
food,2017-03-20,2,200.99,100.495,3,12
food,2017-03-27,6,556.87,92.81166666666667,3,13
food,2017-04-03,4,217.98,54.495,4,14
food,2017-04-10,2,198.0,99.0,4,15
food,2017-04-17,1,15.32,15.32,4,16
food,2017-05-01,1,149.9,149.9,5,18
food,2017-05-15,2,238.0,119.0,5,20
food,2017-06-12,1,149.9,149.9,6,24
food,2017-07-03,1,63.49,63.49,7,27
food,2017-07-10,1,114.9,114.9,7,28
food,2017-07-17,2,142.4,71.2,7,29
food,2017-07-24,3,263.37,87.79,7,30
food,2017-07-31,2,179.9,89.95,7,31
food,2017-08-07,2,39.31,19.655,8,32
food,2017-08-14,1,19.9,19.9,8,33
food,2017-08-21,3,125.39,41.79666666666667,8,34
food,2017-09-04,1,56.97,56.97,9,36
food,2017-09-11,7,239.79,34.255714285714284,9,37
food,2017-09-18,7,582.22,83.17428571428572,9,38
food,2017-09-25,4,320.81,80.2025,9,39
food,2017-10-02,5,284.85,56.970000000000006,10,40
food,2017-10-09,1,56.97,56.97,10,41
food,2017-10-16,1,56.97,56.97,10,42
food,2017-10-23,7,143.42999999999998,20.49,10,43
food,2017-10-30,1,56.97,56.97,10,44
food,2017-11-06,5,239.41,47.882,11,45
food,2017-11-13,1,23.99,23.99,11,46
food,2017-11-20,5,131.95999999999998,26.391999999999996,11,47
food,2017-11-27,4,232.73000000000002,58.182500000000005,11,48
food,2017-12-04,4,359.7,89.925,12,49
food,2017-12-11,1,149.3,149.3,12,50
food,2017-12-18,2,37.94,18.97,12,51
food,2017-12-25,5,262.4,52.48,12,52
food,2018-01-01,3,161.29,53.76333333333333,1,1
food,2018-01-08,3,68.08,22.69333333333333,1,2
food,2018-01-15,3,123.72,41.24,1,3
food,2018-01-22,9,448.57,49.84111111111111,1,4
food,2018-01-29,9,305.04999999999995,33.89444444444444,1,5
food,2018-02-05,3,141.84,47.28,2,6
food,2018-02-12,7,330.77,47.25285714285714,2,7
food,2018-02-19,10,426.18,42.618,2,8
food,2018-02-26,12,663.38,55.281666666666666,2,9
food,2018-03-05,7,291.96,41.708571428571425,3,10
food,2018-03-12,12,638.44,53.20333333333334,3,11
food,2018-03-19,10,403.96,40.396,3,12
food,2018-03-26,5,197.64,39.528,3,13
food,2018-04-02,6,234.67,39.111666666666665,4,14
food,2018-04-09,7,270.09,38.58428571428571,4,15
food,2018-04-16,10,451.8,45.18,4,16
food,2018-04-23,11,458.10999999999996,41.64636363636363,4,17
food,2018-04-30,12,498.01,41.50083333333333,4,18
food,2018-05-07,12,478.03999999999996,39.836666666666666,5,19
food,2018-05-14,20,578.3,28.915,5,20
food,2018-05-21,4,147.57,36.8925,5,21
food,2018-05-28,2,91.77,45.885,5,22
food,2018-06-04,6,392.4,65.39999999999999,6,23
food,2018-06-11,9,633.99,70.44333333333333,6,24
food,2018-06-18,3,150.8,50.26666666666667,6,25
food,2018-06-25,5,166.09,33.218,6,26
food,2018-07-02,12,526.0,43.833333333333336,7,27
food,2018-07-09,12,560.07,46.67250000000001,7,28
food,2018-07-16,15,860.97,57.398,7,29
food,2018-07-23,19,1037.54,54.60736842105263,7,30
food,2018-07-30,19,1429.36,75.22947368421052,7,31
food,2018-08-06,27,1834.6699999999998,67.95074074074074,8,32
food,2018-08-13,38,2722.59,71.6471052631579,8,33
food,2018-08-20,30,2117.21,70.57366666666667,8,34
food,2018-08-27,7,463.94000000000005,66.27714285714286,8,35
food_drink,2017-03-06,1,19.9,19.9,3,10
food_drink,2017-03-13,2,44.0,22.0,3,11
food_drink,2017-03-20,1,21.9,21.9,3,12
food_drink,2017-04-10,1,13.9,13.9,4,15
food_drink,2017-04-24,2,34.0,17.0,4,17
food_drink,2017-05-01,1,17.0,17.0,5,18
food_drink,2017-05-08,3,53.879999999999995,17.959999999999997,5,19
food_drink,2017-05-15,5,187.4,37.480000000000004,5,20
food_drink,2017-05-22,2,61.31,30.655,5,21
food_drink,2017-05-29,1,25.9,25.9,5,22
food_drink,2017-06-05,2,57.4,28.7,6,23
food_drink,2017-07-03,3,79.3,26.433333333333334,7,27
food_drink,2017-07-10,2,36.4,18.2,7,28
food_drink,2017-07-17,3,52.5,17.5,7,29
food_drink,2017-07-31,2,51.49,25.745,7,31
food_drink,2017-08-07,1,12.5,12.5,8,32
food_drink,2017-08-14,5,153.96,30.792,8,33
food_drink,2017-08-21,3,145.19,48.39666666666667,8,34
food_drink,2017-08-28,4,131.67,32.9175,8,35
food_drink,2017-09-04,1,40.5,40.5,9,36
food_drink,2017-09-11,2,55.0,27.5,9,37
food_drink,2017-09-18,5,163.36,32.672000000000004,9,38
food_drink,2017-09-25,1,52.0,52.0,9,39
food_drink,2017-10-02,5,216.6,43.32,10,40
food_drink,2017-10-09,2,121.99,60.995,10,41
food_drink,2017-10-16,6,1293.3600000000001,215.56000000000003,10,42
food_drink,2017-10-23,4,665.2800000000001,166.32000000000002,10,43
food_drink,2017-10-30,7,840.08,120.01142857142858,10,44
food_drink,2017-11-13,6,332.78999999999996,55.464999999999996,11,46
food_drink,2017-11-20,13,514.3000000000001,39.56153846153847,11,47
food_drink,2017-11-27,9,784.3800000000001,87.15333333333335,11,48
food_drink,2017-12-04,8,511.1,63.8875,12,49
food_drink,2017-12-11,8,355.0,44.375,12,50
food_drink,2017-12-18,1,40.8,40.8,12,51
food_drink,2017-12-25,2,100.8,50.4,12,52
food_drink,2018-01-01,3,53.97,17.99,1,1
food_drink,2018-01-08,3,92.3,30.766666666666666,1,2
food_drink,2018-01-15,3,84.19999999999999,28.066666666666663,1,3
food_drink,2018-01-22,2,110.7,55.35,1,4
food_drink,2018-01-29,1,53.4,53.4,1,5
food_drink,2018-02-05,8,282.47,35.30875,2,6
food_drink,2018-02-12,2,114.0,57.0,2,7
food_drink,2018-02-19,8,447.2,55.9,2,8
food_drink,2018-02-26,11,614.6999999999999,55.881818181818176,2,9
food_drink,2018-03-05,4,147.6,36.9,3,10
food_drink,2018-03-12,2,757.0,378.5,3,11
food_drink,2018-03-19,3,809.8,269.93333333333334,3,12
food_drink,2018-03-26,3,142.9,47.63333333333333,3,13
food_drink,2018-04-02,4,141.85,35.4625,4,14
food_drink,2018-04-09,3,149.7,49.9,4,15
food_drink,2018-04-16,2,66.35,33.175,4,16
food_drink,2018-04-23,7,187.10999999999999,26.729999999999997,4,17
food_drink,2018-04-30,6,340.8,56.800000000000004,4,18
food_drink,2018-05-07,1,39.99,39.99,5,19
food_drink,2018-05-14,14,598.71,42.765,5,20
food_drink,2018-05-21,6,320.0,53.333333333333336,5,21
food_drink,2018-05-28,1,14.9,14.9,5,22
food_drink,2018-06-04,6,124.47999999999999,20.746666666666666,6,23
food_drink,2018-06-18,3,110.41,36.803333333333335,6,25
food_drink,2018-06-25,1,44.06,44.06,6,26
food_drink,2018-07-02,2,88.02,44.01,7,27
food_drink,2018-07-09,2,88.7,44.35,7,28
food_drink,2018-07-16,6,309.57,51.595,7,29
food_drink,2018-07-23,5,232.44,46.488,7,30
food_drink,2018-07-30,6,240.88,40.14666666666667,7,31
food_drink,2018-08-06,8,494.98,61.8725,8,32
food_drink,2018-08-13,3,86.75,28.916666666666668,8,33
food_drink,2018-08-20,6,266.0,44.333333333333336,8,34
furniture_bedroom,2017-01-02,8,73.2,9.15,1,1
furniture_bedroom,2017-02-13,1,450.0,450.0,2,7
furniture_bedroom,2017-04-10,1,209.99,209.99,4,15
furniture_bedroom,2017-04-24,2,418.99,209.495,4,17
furniture_bedroom,2017-05-08,2,253.98,126.99,5,19
furniture_bedroom,2017-05-15,5,1767.99,353.598,5,20
furniture_bedroom,2017-05-22,1,219.0,219.0,5,21
furniture_bedroom,2017-05-29,1,129.0,129.0,5,22
furniture_bedroom,2017-06-05,1,219.0,219.0,6,23
furniture_bedroom,2017-06-12,1,89.99,89.99,6,24
furniture_bedroom,2017-07-03,1,259.0,259.0,7,27
furniture_bedroom,2017-07-17,1,259.0,259.0,7,29
furniture_bedroom,2017-07-24,2,559.99,279.995,7,30
furniture_bedroom,2017-08-07,2,389.0,194.5,8,32
furniture_bedroom,2017-08-28,1,229.0,229.0,8,35
furniture_bedroom,2017-09-04,1,79.9,79.9,9,36
furniture_bedroom,2017-09-18,2,469.8,234.9,9,38
furniture_bedroom,2017-09-25,1,159.9,159.9,9,39
furniture_bedroom,2017-10-02,2,433.9,216.95,10,40
furniture_bedroom,2017-10-09,1,510.0,510.0,10,41
furniture_bedroom,2017-11-06,1,510.0,510.0,11,45
furniture_bedroom,2017-11-13,1,204.0,204.0,11,46
furniture_bedroom,2017-11-20,1,159.0,159.0,11,47
furniture_bedroom,2017-12-25,1,185.0,185.0,12,52
furniture_bedroom,2018-01-01,2,370.0,185.0,1,1
furniture_bedroom,2018-01-08,2,364.9,182.45,1,2
furniture_bedroom,2018-01-15,1,179.9,179.9,1,3
furniture_bedroom,2018-02-05,1,199.0,199.0,2,6
furniture_bedroom,2018-02-12,1,99.9,99.9,2,7
furniture_bedroom,2018-02-19,1,179.0,179.0,2,8
furniture_bedroom,2018-02-26,5,620.9,124.17999999999999,2,9
furniture_bedroom,2018-03-05,2,410.0,205.0,3,10
furniture_bedroom,2018-03-12,1,259.0,259.0,3,11
furniture_bedroom,2018-03-19,2,199.8,99.9,3,12
furniture_bedroom,2018-04-02,2,388.0,194.0,4,14
furniture_bedroom,2018-04-09,3,457.9,152.63333333333333,4,15
furniture_bedroom,2018-04-16,1,287.0,287.0,4,16
furniture_bedroom,2018-04-30,1,169.0,169.0,4,18
furniture_bedroom,2018-05-07,1,169.0,169.0,5,19
furniture_bedroom,2018-05-14,3,829.98,276.66,5,20
furniture_bedroom,2018-05-28,2,486.0,243.0,5,22
furniture_bedroom,2018-06-04,2,437.0,218.5,6,23
furniture_bedroom,2018-06-11,1,287.0,287.0,6,24
furniture_bedroom,2018-06-18,3,240.0,80.0,6,25
furniture_bedroom,2018-06-25,3,595.99,198.66333333333333,6,26
furniture_bedroom,2018-07-16,1,159.0,159.0,7,29
furniture_bedroom,2018-07-23,9,1227.9,136.43333333333334,7,30
furniture_bedroom,2018-07-30,2,190.0,95.0,7,31
furniture_bedroom,2018-08-06,3,537.0,179.0,8,32
furniture_bedroom,2018-08-13,5,1132.0,226.4,8,33
furniture_bedroom,2018-08-20,2,338.0,169.0,8,34
furniture_decor,2016-10-03,56,4482.26,80.04035714285715,10,40
furniture_decor,2016-10-10,9,1208.26,134.2511111111111,10,41
furniture_decor,2017-01-02,1,34.9,34.9,1,1
furniture_decor,2017-01-09,31,1939.2,62.55483870967742,1,2
furniture_decor,2017-01-16,68,4709.22,69.25323529411764,1,3
furniture_decor,2017-01-23,56,4534.84,80.97928571428572,1,4
furniture_decor,2017-01-30,69,6438.43,93.31057971014494,1,5
furniture_decor,2017-02-06,58,4879.87,84.13568965517241,2,6
furniture_decor,2017-02-13,63,4797.32,76.1479365079365,2,7
furniture_decor,2017-02-20,68,4727.25,69.51838235294117,2,8
furniture_decor,2017-02-27,103,6154.7300000000005,59.75466019417476,2,9
furniture_decor,2017-03-06,69,4668.57,67.66043478260869,3,10
furniture_decor,2017-03-13,69,4844.56,70.21101449275363,3,11
furniture_decor,2017-03-20,61,4706.81,77.16081967213115,3,12
furniture_decor,2017-03-27,42,3395.81,80.85261904761904,3,13
furniture_decor,2017-04-03,45,2958.85,65.75222222222222,4,14
furniture_decor,2017-04-10,29,3850.4500000000003,132.7741379310345,4,15
furniture_decor,2017-04-17,54,5291.71,97.99462962962963,4,16
furniture_decor,2017-04-24,54,6375.22,118.05962962962964,4,17
furniture_decor,2017-05-01,60,4389.21,73.1535,5,18
furniture_decor,2017-05-08,58,4333.03,74.70741379310344,5,19
furniture_decor,2017-05-15,75,6601.4400000000005,88.01920000000001,5,20
furniture_decor,2017-05-22,49,4719.96,96.32571428571428,5,21
furniture_decor,2017-05-29,56,4228.17,75.50303571428572,5,22
furniture_decor,2017-06-05,63,3083.37,48.94238095238095,6,23
furniture_decor,2017-06-12,42,2418.53,57.584047619047624,6,24
furniture_decor,2017-06-19,56,4727.15,84.41339285714285,6,25
furniture_decor,2017-06-26,64,6702.0,104.71875,6,26
furniture_decor,2017-07-03,75,6243.62,83.24826666666667,7,27
furniture_decor,2017-07-10,66,4315.38,65.38454545454546,7,28
furniture_decor,2017-07-17,58,4450.64,76.73517241379311,7,29
furniture_decor,2017-07-24,81,6083.360000000001,75.10320987654322,7,30
furniture_decor,2017-07-31,101,7171.22,71.00217821782178,7,31
furniture_decor,2017-08-07,77,6361.67,82.61909090909091,8,32
furniture_decor,2017-08-14,98,8632.52,88.0869387755102,8,33
furniture_decor,2017-08-21,105,7456.7,71.01619047619047,8,34
furniture_decor,2017-08-28,96,7178.76,74.77875,8,35
furniture_decor,2017-09-04,85,7624.89,89.70458823529412,9,36
furniture_decor,2017-09-11,76,9200.59,121.06039473684211,9,37
furniture_decor,2017-09-18,88,7131.9,81.04431818181818,9,38
furniture_decor,2017-09-25,63,4655.85,73.90238095238095,9,39
furniture_decor,2017-10-02,67,5750.75,85.83208955223881,10,40
furniture_decor,2017-10-09,76,6825.02,89.8028947368421,10,41
furniture_decor,2017-10-16,100,8422.56,84.2256,10,42
furniture_decor,2017-10-23,95,6020.43,63.37294736842106,10,43
furniture_decor,2017-10-30,70,5707.89,81.54128571428572,10,44
furniture_decor,2017-11-06,114,8377.64,73.4880701754386,11,45
furniture_decor,2017-11-13,139,10855.88,78.09985611510791,11,46
furniture_decor,2017-11-20,351,27052.78,77.07344729344729,11,47
furniture_decor,2017-11-27,176,16684.65,94.79914772727274,11,48
furniture_decor,2017-12-04,106,8748.24,82.53056603773585,12,49
furniture_decor,2017-12-11,86,6679.63,77.67011627906977,12,50
furniture_decor,2017-12-18,66,6956.25,105.39772727272727,12,51
furniture_decor,2017-12-25,66,4488.18,68.00272727272727,12,52
furniture_decor,2018-01-01,142,12875.62,90.67338028169014,1,1
furniture_decor,2018-01-08,148,12465.210000000001,84.2243918918919,1,2
furniture_decor,2018-01-15,169,15351.87,90.8394674556213,1,3
furniture_decor,2018-01-22,102,10141.26,99.42411764705882,1,4
furniture_decor,2018-01-29,79,7333.320000000001,92.82683544303798,1,5
furniture_decor,2018-02-05,70,6629.64,94.70914285714287,2,6
furniture_decor,2018-02-12,119,10435.44,87.6927731092437,2,7
furniture_decor,2018-02-19,124,11983.01,96.63717741935484,2,8
furniture_decor,2018-02-26,149,12863.16,86.32993288590603,2,9
furniture_decor,2018-03-05,154,14574.93,94.6424025974026,3,10
furniture_decor,2018-03-12,111,9683.69,87.24045045045045,3,11
furniture_decor,2018-03-19,129,11028.03,85.4886046511628,3,12
furniture_decor,2018-03-26,120,8955.24,74.627,3,13
furniture_decor,2018-04-02,138,13187.0,95.55797101449275,4,14
furniture_decor,2018-04-09,118,12523.99,106.13550847457627,4,15
furniture_decor,2018-04-16,168,14251.9,84.8327380952381,4,16
furniture_decor,2018-04-23,129,13317.16,103.23379844961241,4,17
furniture_decor,2018-04-30,139,12420.14,89.3535251798561,4,18
furniture_decor,2018-05-07,173,15599.11,90.16826589595377,5,19
furniture_decor,2018-05-14,176,15579.77,88.52142045454546,5,20
furniture_decor,2018-05-21,81,8165.47,100.80827160493827,5,21
furniture_decor,2018-05-28,88,6972.08,79.22818181818182,5,22
furniture_decor,2018-06-04,68,7371.99,108.41161764705882,6,23
furniture_decor,2018-06-11,99,11683.8,118.01818181818182,6,24
furniture_decor,2018-06-18,87,8542.44,98.18896551724139,6,25
furniture_decor,2018-06-25,118,12976.59,109.97110169491526,6,26
furniture_decor,2018-07-02,89,8546.9,96.03258426966292,7,27
furniture_decor,2018-07-09,43,5075.78,118.0413953488372,7,28
furniture_decor,2018-07-16,116,11465.55,98.84094827586206,7,29
furniture_decor,2018-07-23,130,14250.73,109.621,7,30
furniture_decor,2018-07-30,146,14046.44,96.20849315068493,7,31
furniture_decor,2018-08-06,143,13485.130000000001,94.3016083916084,8,32
furniture_decor,2018-08-13,124,12942.18,104.37241935483871,8,33
furniture_decor,2018-08-20,60,4736.1,78.935,8,34
furniture_decor,2018-08-27,2,188.9,94.45,8,35
furniture_living_room,2017-01-23,4,617.96,154.49,1,4
furniture_living_room,2017-01-30,11,1731.9099999999999,157.44636363636363,1,5
furniture_living_room,2017-02-06,4,709.97,177.4925,2,6
furniture_living_room,2017-02-20,11,1261.8,114.7090909090909,2,8
furniture_living_room,2017-02-27,1,329.9,329.9,2,9
furniture_living_room,2017-03-06,4,406.76,101.69,3,10
furniture_living_room,2017-03-13,5,967.95,193.59,3,11
furniture_living_room,2017-03-20,10,1403.51,140.351,3,12
furniture_living_room,2017-03-27,7,779.65,111.37857142857142,3,13
furniture_living_room,2017-04-03,2,209.89000000000001,104.94500000000001,4,14
furniture_living_room,2017-04-10,7,1525.6100000000001,217.94428571428574,4,15
furniture_living_room,2017-04-17,1,103.97,103.97,4,16
furniture_living_room,2017-05-01,12,1258.31,104.85916666666667,5,18
furniture_living_room,2017-05-08,4,635.8299999999999,158.95749999999998,5,19
furniture_living_room,2017-05-15,5,1096.81,219.362,5,20
furniture_living_room,2017-05-22,7,770.6700000000001,110.0957142857143,5,21
furniture_living_room,2017-05-29,5,797.8199999999999,159.564,5,22
furniture_living_room,2017-06-05,9,1121.58,124.61999999999999,6,23
furniture_living_room,2017-06-12,2,177.87,88.935,6,24
furniture_living_room,2017-06-19,3,333.86,111.28666666666668,6,25
furniture_living_room,2017-06-26,1,139.9,139.9,6,26
furniture_living_room,2017-07-03,4,735.6999999999999,183.92499999999998,7,27
furniture_living_room,2017-07-10,12,1397.33,116.44416666666666,7,28
furniture_living_room,2017-07-17,6,839.68,139.94666666666666,7,29
furniture_living_room,2017-07-24,6,633.61,105.60166666666667,7,30
furniture_living_room,2017-07-31,9,1092.27,121.36333333333333,7,31
furniture_living_room,2017-08-07,3,251.37,83.79,8,32
furniture_living_room,2017-08-14,4,271.81,67.9525,8,33
furniture_living_room,2017-08-21,6,682.63,113.77166666666666,8,34
furniture_living_room,2017-08-28,3,439.88,146.62666666666667,8,35
furniture_living_room,2017-09-04,3,317.8,105.93333333333334,9,36
furniture_living_room,2017-09-11,4,245.69,61.4225,9,37
furniture_living_room,2017-09-18,1,22.5,22.5,9,38
furniture_living_room,2017-09-25,2,509.89,254.945,9,39
furniture_living_room,2017-10-02,5,319.68,63.936,10,40
furniture_living_room,2017-10-09,5,658.7,131.74,10,41
furniture_living_room,2017-10-16,8,474.51,59.31375,10,42
furniture_living_room,2017-10-23,1,79.9,79.9,10,43
furniture_living_room,2017-10-30,4,335.79,83.9475,10,44
furniture_living_room,2017-11-06,3,781.88,260.62666666666667,11,45
furniture_living_room,2017-11-13,3,357.88,119.29333333333334,11,46
furniture_living_room,2017-11-20,15,3068.94,204.596,11,47
furniture_living_room,2017-11-27,22,2852.8199999999997,129.67363636363635,11,48
furniture_living_room,2017-12-04,6,693.49,115.58166666666666,12,49
furniture_living_room,2017-12-11,5,328.19,65.638,12,50
furniture_living_room,2017-12-18,1,109.97,109.97,12,51
furniture_living_room,2018-01-01,2,164.96,82.48,1,1
furniture_living_room,2018-01-08,6,512.86,85.47666666666667,1,2
furniture_living_room,2018-01-15,7,762.5500000000001,108.9357142857143,1,3
furniture_living_room,2018-01-22,4,557.87,139.4675,1,4
furniture_living_room,2018-01-29,7,691.66,98.80857142857143,1,5
furniture_living_room,2018-02-05,3,299.97,99.99000000000001,2,6
furniture_living_room,2018-02-12,6,742.17,123.695,2,7
furniture_living_room,2018-02-19,6,2328.99,388.16499999999996,2,8
furniture_living_room,2018-02-26,12,1791.54,149.295,2,9
furniture_living_room,2018-03-05,3,668.89,222.96333333333334,3,10
furniture_living_room,2018-03-12,6,1133.57,188.9283333333333,3,11
furniture_living_room,2018-03-19,3,289.76,96.58666666666666,3,12
furniture_living_room,2018-03-26,3,397.93,132.64333333333335,3,13
furniture_living_room,2018-04-02,9,997.55,110.83888888888889,4,14
furniture_living_room,2018-04-09,2,359.89,179.945,4,15
furniture_living_room,2018-04-16,11,1445.78,131.43454545454546,4,16
furniture_living_room,2018-04-23,8,1396.78,174.5975,4,17
furniture_living_room,2018-04-30,5,1381.65,276.33000000000004,4,18
furniture_living_room,2018-05-07,2,168.99,84.495,5,19
furniture_living_room,2018-05-14,5,760.97,152.19400000000002,5,20
furniture_living_room,2018-05-28,6,1141.3300000000002,190.2216666666667,5,22
furniture_living_room,2018-06-04,5,818.49,163.698,6,23
furniture_living_room,2018-06-11,8,984.5899999999999,123.07374999999999,6,24
furniture_living_room,2018-06-18,7,424.7,60.67142857142857,6,25
furniture_living_room,2018-06-25,10,1412.84,141.284,6,26
furniture_living_room,2018-07-02,8,629.7399999999999,78.71749999999999,7,27
furniture_living_room,2018-07-09,12,2129.79,177.4825,7,28
furniture_living_room,2018-07-16,17,1382.5,81.32352941176471,7,29
furniture_living_room,2018-07-23,11,1978.7099999999998,179.88272727272727,7,30
furniture_living_room,2018-07-30,17,2183.37,128.4335294117647,7,31
furniture_living_room,2018-08-06,13,1907.6,146.73846153846154,8,32
furniture_living_room,2018-08-13,9,902.8000000000001,100.31111111111112,8,33
furniture_living_room,2018-08-20,6,716.47,119.41166666666668,8,34
furniture_mattress_and_upholstery,2017-04-24,1,109.4,109.4,4,17
furniture_mattress_and_upholstery,2017-05-08,1,109.4,109.4,5,19
furniture_mattress_and_upholstery,2017-05-15,1,399.99,399.99,5,20
furniture_mattress_and_upholstery,2017-05-29,1,86.5,86.5,5,22
furniture_mattress_and_upholstery,2017-07-17,1,109.4,109.4,7,29
furniture_mattress_and_upholstery,2017-08-14,1,109.4,109.4,8,33
furniture_mattress_and_upholstery,2017-08-28,1,399.99,399.99,8,35
furniture_mattress_and_upholstery,2017-09-11,1,86.5,86.5,9,37
furniture_mattress_and_upholstery,2017-11-13,1,85.0,85.0,11,46
furniture_mattress_and_upholstery,2017-11-27,2,334.0,167.0,11,48
furniture_mattress_and_upholstery,2017-12-04,1,249.0,249.0,12,49
furniture_mattress_and_upholstery,2017-12-11,2,129.7,64.85,12,50
furniture_mattress_and_upholstery,2017-12-18,4,340.0,85.0,12,51
furniture_mattress_and_upholstery,2018-01-01,1,75.0,75.0,1,1
furniture_mattress_and_upholstery,2018-01-08,3,225.0,75.0,1,2
furniture_mattress_and_upholstery,2018-01-15,4,485.5,121.375,1,3
furniture_mattress_and_upholstery,2018-01-22,1,75.0,75.0,1,4
furniture_mattress_and_upholstery,2018-02-05,2,150.0,75.0,2,6
furniture_mattress_and_upholstery,2018-02-19,3,194.7,64.89999999999999,2,8
furniture_mattress_and_upholstery,2018-02-26,1,110.0,110.0,2,9
furniture_mattress_and_upholstery,2018-03-05,1,110.0,110.0,3,10
furniture_mattress_and_upholstery,2018-03-12,1,110.0,110.0,3,11
furniture_mattress_and_upholstery,2018-03-19,1,110.0,110.0,3,12
furniture_mattress_and_upholstery,2018-07-02,1,129.9,129.9,7,27
gaming_pc,2017-04-17,1,129.99,129.99,4,16
gaming_pc,2017-04-24,1,129.99,129.99,4,17
gaming_pc,2017-05-22,1,129.99,129.99,5,21
gaming_pc,2017-06-12,1,129.99,129.99,6,24
gaming_pc,2018-02-19,1,129.99,129.99,2,8
gaming_pc,2018-07-23,2,438.0,219.0,7,30
gaming_pc,2018-08-13,1,219.0,219.0,8,33
garden_tools,2016-10-03,5,1359.88,271.976,10,40
garden_tools,2017-01-02,2,304.9,152.45,1,1
garden_tools,2017-01-09,9,3420.0,380.0,1,2
garden_tools,2017-01-16,7,636.6700000000001,90.95285714285716,1,3
garden_tools,2017-01-23,19,2260.58,118.9778947368421,1,4
garden_tools,2017-01-30,28,1769.2,63.18571428571429,1,5
garden_tools,2017-02-06,12,2466.97,205.58083333333332,2,6
garden_tools,2017-02-13,25,4531.94,181.27759999999998,2,7
garden_tools,2017-02-20,17,3411.71,200.68882352941176,2,8
garden_tools,2017-02-27,17,3905.52,229.7364705882353,2,9
garden_tools,2017-03-06,29,3127.06,107.8296551724138,3,10
garden_tools,2017-03-13,50,7687.28,153.7456,3,11
garden_tools,2017-03-20,37,4429.21,119.70837837837838,3,12
garden_tools,2017-03-27,21,5043.98,240.1895238095238,3,13
garden_tools,2017-04-03,28,7722.75,275.8125,4,14
garden_tools,2017-04-10,30,3286.5,109.55,4,15
garden_tools,2017-04-17,22,3187.5099999999998,144.88681818181817,4,16
garden_tools,2017-04-24,24,3167.48,131.97833333333332,4,17
garden_tools,2017-05-01,40,8190.04,204.751,5,18
garden_tools,2017-05-08,32,4480.38,140.011875,5,19
garden_tools,2017-05-15,30,3358.87,111.96233333333333,5,20
garden_tools,2017-05-22,26,3649.1800000000003,140.35307692307694,5,21
garden_tools,2017-05-29,25,3063.2200000000003,122.5288,5,22
garden_tools,2017-06-05,32,5379.34,168.104375,6,23
garden_tools,2017-06-12,32,3308.92,103.40375,6,24
garden_tools,2017-06-19,15,1857.58,123.83866666666667,6,25
garden_tools,2017-06-26,20,2713.0299999999997,135.6515,6,26
garden_tools,2017-07-03,28,3393.54,121.19785714285715,7,27
garden_tools,2017-07-10,28,3612.1400000000003,129.00500000000002,7,28
garden_tools,2017-07-17,89,8819.24,99.09258426966292,7,29
garden_tools,2017-07-24,27,2451.28,90.78814814814815,7,30
garden_tools,2017-07-31,43,2902.24,67.49395348837209,7,31
garden_tools,2017-08-07,50,5586.26,111.7252,8,32
garden_tools,2017-08-14,71,7723.29,108.7787323943662,8,33
garden_tools,2017-08-21,34,3866.9,113.73235294117647,8,34
garden_tools,2017-08-28,65,5210.87,80.16723076923077,8,35
garden_tools,2017-09-04,49,4568.06,93.22571428571429,9,36
garden_tools,2017-09-11,60,7699.72,128.32866666666666,9,37
garden_tools,2017-09-18,45,4508.75,100.19444444444444,9,38
garden_tools,2017-09-25,58,6106.46,105.28379310344828,9,39
garden_tools,2017-10-02,80,8286.960000000001,103.58700000000002,10,40
garden_tools,2017-10-09,45,3396.32,75.47377777777778,10,41
garden_tools,2017-10-16,57,4309.4,75.60350877192982,10,42
garden_tools,2017-10-23,62,5332.46,86.00741935483872,10,43
garden_tools,2017-10-30,71,6704.24,94.42591549295774,10,44
garden_tools,2017-11-06,72,7470.0599999999995,103.75083333333333,11,45
garden_tools,2017-11-13,84,8479.05,100.94107142857142,11,46
garden_tools,2017-11-20,268,16656.64,62.151641791044774,11,47
garden_tools,2017-11-27,97,8017.71,82.65680412371134,11,48
garden_tools,2017-12-04,106,9134.37,86.17330188679246,12,49
garden_tools,2017-12-11,77,7049.4,91.55064935064935,12,50
garden_tools,2017-12-18,47,4521.15,96.19468085106382,12,51
garden_tools,2017-12-25,72,4782.87,66.42875,12,52
garden_tools,2018-01-01,36,3433.89,95.38583333333332,1,1
garden_tools,2018-01-08,58,4900.35,84.48879310344829,1,2
garden_tools,2018-01-15,52,5340.53,102.7025,1,3
garden_tools,2018-01-22,66,10999.09,166.6528787878788,1,4
garden_tools,2018-01-29,59,4940.0,83.72881355932203,1,5
garden_tools,2018-02-05,82,6119.18,74.62414634146342,2,6
garden_tools,2018-02-12,90,8639.61,95.99566666666668,2,7
garden_tools,2018-02-19,42,4057.92,96.61714285714285,2,8
garden_tools,2018-02-26,74,9329.5,126.07432432432432,2,9
garden_tools,2018-03-05,55,5508.5,100.15454545454546,3,10
garden_tools,2018-03-12,56,4161.16,74.30642857142857,3,11
garden_tools,2018-03-19,60,6724.61,112.07683333333333,3,12
garden_tools,2018-03-26,64,6732.23,105.19109375,3,13
garden_tools,2018-04-02,41,5056.53,123.33,4,14
garden_tools,2018-04-09,50,5370.78,107.4156,4,15
garden_tools,2018-04-16,86,8417.48,97.87767441860464,4,16
garden_tools,2018-04-23,73,12880.08,176.43945205479451,4,17
garden_tools,2018-04-30,96,7562.67,78.7778125,4,18
garden_tools,2018-05-07,61,12225.81,200.42311475409835,5,19
garden_tools,2018-05-14,85,12933.31,152.15658823529412,5,20
garden_tools,2018-05-21,45,4469.28,99.31733333333332,5,21
garden_tools,2018-05-28,28,3236.87,115.60249999999999,5,22
garden_tools,2018-06-04,47,4634.7,98.61063829787234,6,23
garden_tools,2018-06-11,41,3930.14,95.85707317073171,6,24
garden_tools,2018-06-18,30,2717.86,90.59533333333334,6,25
garden_tools,2018-06-25,71,6830.719999999999,96.20732394366196,6,26
garden_tools,2018-07-02,36,6152.96,170.91555555555556,7,27
garden_tools,2018-07-09,22,3205.62,145.71,7,28
garden_tools,2018-07-16,40,6501.2,162.53,7,29
garden_tools,2018-07-23,58,7752.77,133.6684482758621,7,30
garden_tools,2018-07-30,32,3040.77,95.0240625,7,31
garden_tools,2018-08-06,52,8595.23,165.2928846153846,8,32
garden_tools,2018-08-13,41,4083.11,99.58804878048781,8,33
garden_tools,2018-08-20,18,1617.7399999999998,89.87444444444444,8,34
garden_tools,2018-08-27,2,84.0,42.0,8,35
health_beauty,2016-09-12,3,134.97,44.99,9,37
health_beauty,2016-10-03,34,2976.85,87.55441176470588,10,40
health_beauty,2016-10-10,6,462.4,77.06666666666666,10,41
health_beauty,2017-01-02,2,1006.0,503.0,1,1
health_beauty,2017-01-09,3,649.79,216.59666666666666,1,2
health_beauty,2017-01-16,18,3487.95,193.77499999999998,1,3
health_beauty,2017-01-23,44,4783.87,108.72431818181818,1,4
health_beauty,2017-01-30,62,11181.47,180.34629032258064,1,5
health_beauty,2017-02-06,45,4568.93,101.53177777777779,2,6
health_beauty,2017-02-13,24,4309.48,179.56166666666664,2,7
health_beauty,2017-02-20,36,4398.89,122.1913888888889,2,8
health_beauty,2017-02-27,30,3201.1,106.70333333333333,2,9
health_beauty,2017-03-06,42,5637.3,134.2214285714286,3,10
health_beauty,2017-03-13,50,7469.0,149.38,3,11
health_beauty,2017-03-20,56,6373.29,113.80875,3,12
health_beauty,2017-03-27,44,4543.89,103.27022727272728,3,13
health_beauty,2017-04-03,37,3515.16,95.00432432432432,4,14
health_beauty,2017-04-10,35,4925.2300000000005,140.72085714285717,4,15
health_beauty,2017-04-17,44,6159.349999999999,139.98522727272726,4,16
health_beauty,2017-04-24,52,6024.45,115.85480769230769,4,17
health_beauty,2017-05-01,70,9640.06,137.71514285714284,5,18
health_beauty,2017-05-08,62,10242.58,165.20290322580644,5,19
health_beauty,2017-05-15,59,9239.99,156.60999999999999,5,20
health_beauty,2017-05-22,57,9612.85,168.64649122807018,5,21
health_beauty,2017-05-29,79,12086.83,152.99784810126582,5,22
health_beauty,2017-06-05,54,9621.13,178.16907407407405,6,23
health_beauty,2017-06-12,52,4505.91,86.65211538461539,6,24
health_beauty,2017-06-19,59,7704.3,130.5813559322034,6,25
health_beauty,2017-06-26,61,7736.72,126.83147540983607,6,26
health_beauty,2017-07-03,61,7486.71,122.73295081967213,7,27
health_beauty,2017-07-10,90,5565.57,61.839666666666666,7,28
health_beauty,2017-07-17,69,7273.34,105.41072463768116,7,29
health_beauty,2017-07-24,65,10704.98,164.692,7,30
health_beauty,2017-07-31,77,10516.81,136.58194805194805,7,31
health_beauty,2017-08-07,67,10766.47,160.69358208955222,8,32
health_beauty,2017-08-14,84,13765.98,163.88071428571428,8,33
health_beauty,2017-08-21,74,8843.63,119.5085135135135,8,34
health_beauty,2017-08-28,89,9129.32,102.57662921348314,8,35
health_beauty,2017-09-04,85,12620.82,148.48023529411765,9,36
health_beauty,2017-09-11,106,15286.97,144.21669811320754,9,37
health_beauty,2017-09-18,83,9501.64,114.47759036144578,9,38
health_beauty,2017-09-25,78,10820.07,138.71884615384616,9,39
health_beauty,2017-10-02,74,9100.119999999999,122.97459459459458,10,40
health_beauty,2017-10-09,68,8127.91,119.52808823529412,10,41
health_beauty,2017-10-16,102,14068.68,137.92823529411766,10,42
health_beauty,2017-10-23,83,7750.69,93.38180722891566,10,43
health_beauty,2017-10-30,64,7192.59,112.38421875,10,44
health_beauty,2017-11-06,85,9864.53,116.05329411764707,11,45
health_beauty,2017-11-13,85,12950.04,152.3534117647059,11,46
health_beauty,2017-11-20,238,36161.79,151.94029411764706,11,47
health_beauty,2017-11-27,183,22038.93,120.43131147540984,11,48
health_beauty,2017-12-04,137,18282.33,133.44766423357666,12,49
health_beauty,2017-12-11,118,19111.85,161.96483050847456,12,50
health_beauty,2017-12-18,81,8354.01,103.13592592592593,12,51
health_beauty,2017-12-25,58,5921.7,102.09827586206896,12,52
health_beauty,2018-01-01,108,11055.81,102.36861111111111,1,1
health_beauty,2018-01-08,153,16807.81,109.85496732026145,1,2
health_beauty,2018-01-15,158,16508.09,104.48158227848101,1,3
health_beauty,2018-01-22,148,20193.31,136.4412837837838,1,4
health_beauty,2018-01-29,130,17848.84,137.29876923076924,1,5
health_beauty,2018-02-05,146,18444.83,126.33445205479454,2,6
health_beauty,2018-02-12,171,21549.61,126.02111111111111,2,7
health_beauty,2018-02-19,166,17242.12,103.86819277108434,2,8
health_beauty,2018-02-26,190,31934.98,168.07884210526316,2,9
health_beauty,2018-03-05,170,26296.57,154.68570588235295,3,10
health_beauty,2018-03-12,137,18772.82,137.02788321167884,3,11
health_beauty,2018-03-19,139,14177.81,101.99863309352517,3,12
health_beauty,2018-03-26,131,13846.27,105.69671755725192,3,13
health_beauty,2018-04-02,144,19282.95,133.909375,4,14
health_beauty,2018-04-09,162,20621.21,127.29141975308642,4,15
health_beauty,2018-04-16,151,21190.99,140.3376821192053,4,16
health_beauty,2018-04-23,177,21737.1,122.80847457627118,4,17
health_beauty,2018-04-30,226,25537.65,112.99845132743363,4,18
health_beauty,2018-05-07,240,26326.3,109.69291666666666,5,19
health_beauty,2018-05-14,164,21522.6,131.23536585365852,5,20
health_beauty,2018-05-21,95,10329.6,108.73263157894738,5,21
health_beauty,2018-05-28,113,24282.7,214.89115044247788,5,22
health_beauty,2018-06-04,192,30158.63,157.07619791666667,6,23
health_beauty,2018-06-11,223,27813.29,124.72327354260091,6,24
health_beauty,2018-06-18,224,23474.829999999998,104.79834821428571,6,25
health_beauty,2018-06-25,188,16729.68,88.98765957446808,6,26
health_beauty,2018-07-02,181,19009.829999999998,105.02668508287292,7,27
health_beauty,2018-07-09,141,23139.87,164.11255319148935,7,28
health_beauty,2018-07-16,215,28026.489999999998,130.35576744186045,7,29
health_beauty,2018-07-23,167,24159.68,144.66874251497006,7,30
health_beauty,2018-07-30,237,34369.01,145.01691983122365,7,31
health_beauty,2018-08-06,253,39496.21,156.1115019762846,8,32
health_beauty,2018-08-13,235,31551.34,134.26102127659576,8,33
health_beauty,2018-08-20,146,20585.72,140.99808219178084,8,34
health_beauty,2018-08-27,20,1699.95,84.9975,8,35
home_appliances,2017-01-16,1,467.0,467.0,1,3
home_appliances,2017-01-23,2,648.9,324.45,1,4
home_appliances,2017-01-30,5,816.87,163.374,1,5
home_appliances,2017-02-06,1,159.0,159.0,2,6
home_appliances,2017-02-13,6,581.9,96.98333333333333,2,7
home_appliances,2017-02-27,4,91.8,22.95,2,9
home_appliances,2017-03-06,1,27.0,27.0,3,10
home_appliances,2017-03-13,5,625.6,125.12,3,11
home_appliances,2017-03-20,2,69.8,34.9,3,12
home_appliances,2017-04-03,2,59.9,29.95,4,14
home_appliances,2017-04-10,3,459.79999999999995,153.26666666666665,4,15
home_appliances,2017-04-17,3,516.8,172.26666666666665,4,16
home_appliances,2017-04-24,4,262.7,65.675,4,17
home_appliances,2017-05-01,12,1289.88,107.49000000000001,5,18
home_appliances,2017-05-08,7,769.79,109.97,5,19
home_appliances,2017-05-15,8,671.98,83.9975,5,20
home_appliances,2017-05-22,3,156.89,52.29666666666666,5,21
home_appliances,2017-05-29,10,661.14,66.114,5,22
home_appliances,2017-06-05,8,444.9,55.6125,6,23
home_appliances,2017-06-12,11,819.1400000000001,74.46727272727274,6,24
home_appliances,2017-06-19,13,1340.59,103.12230769230769,6,25
home_appliances,2017-06-26,16,1176.08,73.505,6,26
home_appliances,2017-07-03,6,371.4,61.9,7,27
home_appliances,2017-07-10,4,250.7,62.675,7,28
home_appliances,2017-07-17,13,1897.8500000000001,145.98846153846154,7,29
home_appliances,2017-07-24,15,1583.74,105.58266666666667,7,30
home_appliances,2017-07-31,6,1729.6,288.26666666666665,7,31
home_appliances,2017-08-07,13,1661.44,127.80307692307693,8,32
home_appliances,2017-08-14,18,2263.4700000000003,125.74833333333335,8,33
home_appliances,2017-08-21,8,1115.39,139.42375,8,34
home_appliances,2017-08-28,18,1996.6,110.92222222222222,8,35
home_appliances,2017-09-04,4,1564.6,391.15,9,36
home_appliances,2017-09-18,6,771.7,128.61666666666667,9,38
home_appliances,2017-09-25,2,164.89000000000001,82.44500000000001,9,39
home_appliances,2017-10-02,3,744.3,248.1,10,40
home_appliances,2017-10-09,2,928.99,464.495,10,41
home_appliances,2017-10-16,6,1690.87,281.81166666666667,10,42
home_appliances,2017-10-23,4,418.79,104.6975,10,43
home_appliances,2017-10-30,2,718.9,359.45,10,44
home_appliances,2017-11-06,2,101.28,50.64,11,45
home_appliances,2017-11-13,5,2035.19,407.038,11,46
home_appliances,2017-11-20,14,4615.53,329.68071428571426,11,47
home_appliances,2017-11-27,22,2636.56,119.84363636363636,11,48
home_appliances,2017-12-04,10,1116.92,111.69200000000001,12,49
home_appliances,2017-12-11,2,349.98,174.99,12,50
home_appliances,2017-12-18,3,896.39,298.7966666666667,12,51
home_appliances,2017-12-25,3,380.28000000000003,126.76,12,52
home_appliances,2018-01-01,8,3417.29,427.16125,1,1
home_appliances,2018-01-08,12,1481.79,123.4825,1,2
home_appliances,2018-01-15,10,1166.65,116.665,1,3
home_appliances,2018-01-22,4,1366.64,341.66,1,4
home_appliances,2018-01-29,15,4781.96,318.7973333333333,1,5
home_appliances,2018-02-05,13,5637.9800000000005,433.69076923076926,2,6
home_appliances,2018-02-12,14,2330.15,166.43928571428572,2,7
home_appliances,2018-02-19,19,3577.3900000000003,188.28368421052633,2,8
home_appliances,2018-02-26,18,1351.93,75.10722222222222,2,9
home_appliances,2018-03-05,18,3430.09,190.56055555555557,3,10
home_appliances,2018-03-12,18,2893.49,160.74944444444444,3,11
home_appliances,2018-03-19,26,5055.339999999999,194.43615384615381,3,12
home_appliances,2018-03-26,18,5530.62,307.25666666666666,3,13
home_appliances,2018-04-02,26,7470.17,287.3142307692308,4,14
home_appliances,2018-04-09,43,13064.35,303.82209302325583,4,15
home_appliances,2018-04-16,30,7758.95,258.63166666666666,4,16
home_appliances,2018-04-23,25,5424.85,216.99400000000003,4,17
home_appliances,2018-04-30,17,7196.74,423.3376470588235,4,18
home_appliances,2018-05-07,20,5346.75,267.3375,5,19
home_appliances,2018-05-14,28,5322.72,190.09714285714287,5,20
home_appliances,2018-05-21,16,2156.92,134.8075,5,21
home_appliances,2018-05-28,20,1775.98,88.799,5,22
home_appliances,2018-06-04,18,2701.69,150.0938888888889,6,23
home_appliances,2018-06-11,15,1212.65,80.84333333333333,6,24
home_appliances,2018-06-18,18,6266.29,348.1272222222222,6,25
home_appliances,2018-06-25,22,3338.46,151.74818181818182,6,26
home_appliances,2018-07-02,17,4503.77,264.92764705882354,7,27
home_appliances,2018-07-09,16,5849.58,365.59875,7,28
home_appliances,2018-07-16,30,4252.29,141.743,7,29
home_appliances,2018-07-23,22,1838.01,83.54590909090909,7,30
home_appliances,2018-07-30,28,6323.44,225.83714285714285,7,31
home_appliances,2018-08-06,22,4717.15,214.41590909090908,8,32
home_appliances,2018-08-13,31,3505.37,113.07645161290323,8,33
home_appliances,2018-08-20,10,616.16,61.616,8,34
home_comfort,2017-01-23,2,72.8,36.4,1,4
home_comfort,2017-01-30,1,94.76,94.76,1,5
home_comfort,2017-02-13,1,230.0,230.0,2,7
home_comfort,2017-02-27,1,89.9,89.9,2,9
home_comfort,2017-03-06,3,139.8,46.6,3,10
home_comfort,2017-03-13,2,102.80000000000001,51.400000000000006,3,11
home_comfort,2017-03-20,4,766.9,191.725,3,12
home_comfort,2017-03-27,8,1496.68,187.085,3,13
home_comfort,2017-04-03,3,371.8,123.93333333333334,4,14
home_comfort,2017-04-17,13,1970.3,151.56153846153845,4,16
home_comfort,2017-04-24,1,42.0,42.0,4,17
home_comfort,2017-05-01,8,1409.5900000000001,176.19875000000002,5,18
home_comfort,2017-05-08,4,847.8,211.95,5,19
home_comfort,2017-05-15,8,991.5,123.9375,5,20
home_comfort,2017-05-22,11,1197.29,108.84454545454545,5,21
home_comfort,2017-05-29,6,923.79,153.965,5,22
home_comfort,2017-06-05,8,1463.7,182.9625,6,23
home_comfort,2017-06-12,2,164.9,82.45,6,24
home_comfort,2017-06-19,4,626.7,156.675,6,25
home_comfort,2017-06-26,6,590.8,98.46666666666665,6,26
home_comfort,2017-07-03,8,1048.58,131.0725,7,27
home_comfort,2017-07-10,17,2130.07,125.29823529411766,7,28
home_comfort,2017-07-17,9,724.6,80.51111111111112,7,29
home_comfort,2017-07-24,6,402.6,67.10000000000001,7,30
home_comfort,2017-07-31,6,589.59,98.265,7,31
home_comfort,2017-08-07,10,1455.4,145.54000000000002,8,32
home_comfort,2017-08-14,3,192.70000000000002,64.23333333333333,8,33
home_comfort,2017-08-21,5,836.8,167.35999999999999,8,34
home_comfort,2017-08-28,11,1503.1,136.64545454545453,8,35
home_comfort,2017-09-04,6,505.84999999999997,84.30833333333332,9,36
home_comfort,2017-09-11,6,1435.8,239.29999999999998,9,37
home_comfort,2017-09-18,13,1708.0900000000001,131.39153846153846,9,38
home_comfort,2017-09-25,6,645.8,107.63333333333333,9,39
home_comfort,2017-10-02,6,1205.8,200.96666666666667,10,40
home_comfort,2017-10-09,9,844.5,93.83333333333333,10,41
home_comfort,2017-10-16,11,1047.4,95.21818181818183,10,42
home_comfort,2017-10-23,3,38.7,12.9,10,43
home_comfort,2017-10-30,8,1267.4,158.425,10,44
home_comfort,2017-11-06,4,491.7,122.925,11,45
home_comfort,2017-11-13,6,402.6,67.10000000000001,11,46
home_comfort,2017-11-20,20,1795.2,89.76,11,47
home_comfort,2017-11-27,16,2345.4900000000002,146.59312500000001,11,48
home_comfort,2017-12-04,3,797.9,265.96666666666664,12,49
home_comfort,2017-12-11,5,696.7,139.34,12,50
home_comfort,2017-12-18,1,86.9,86.9,12,51
home_comfort,2017-12-25,1,86.9,86.9,12,52
home_comfort,2018-01-01,5,1406.8,281.36,1,1
home_comfort,2018-01-08,4,607.89,151.9725,1,2
home_comfort,2018-01-15,4,420.69000000000005,105.17250000000001,1,3
home_comfort,2018-01-22,4,424.78999999999996,106.19749999999999,1,4
home_comfort,2018-01-29,2,246.89000000000001,123.44500000000001,1,5
home_comfort,2018-02-05,7,1123.6,160.5142857142857,2,6
home_comfort,2018-02-12,5,642.69,128.538,2,7
home_comfort,2018-02-19,9,1024.47,113.83,2,8
home_comfort,2018-02-26,4,347.6,86.9,2,9
home_comfort,2018-03-05,5,382.59000000000003,76.518,3,10
home_comfort,2018-03-12,7,839.49,119.92714285714285,3,11
home_comfort,2018-03-19,4,498.70000000000005,124.67500000000001,3,12
home_comfort,2018-03-26,4,662.79,165.6975,3,13
home_comfort,2018-04-02,6,509.50000000000006,84.91666666666667,4,14
home_comfort,2018-04-09,5,869.6,173.92000000000002,4,15
home_comfort,2018-04-16,4,356.6,89.15,4,16
home_comfort,2018-04-23,4,216.60000000000002,54.150000000000006,4,17
home_comfort,2018-04-30,1,329.0,329.0,4,18
home_comfort,2018-05-07,9,957.3000000000001,106.36666666666667,5,19
home_comfort,2018-05-14,5,732.6,146.52,5,20
home_comfort,2018-05-21,6,689.8,114.96666666666665,5,21
home_comfort,2018-06-04,10,1321.6,132.16,6,23
home_comfort,2018-06-11,2,358.99,179.495,6,24
home_comfort,2018-06-18,3,337.9,112.63333333333333,6,25
home_comfort,2018-06-25,3,393.8,131.26666666666668,6,26
home_comfort,2018-07-02,1,79.9,79.9,7,27
home_comfort,2018-07-09,5,544.6,108.92,7,28
home_comfort,2018-07-16,9,1164.49,129.38777777777779,7,29
home_comfort,2018-07-23,8,955.49,119.43625,7,30
home_comfort,2018-07-30,8,923.5,115.4375,7,31
home_comfort,2018-08-06,5,552.7,110.54,8,32
home_comfort,2018-08-13,5,696.78,139.356,8,33
home_comfort,2018-08-20,1,269.0,269.0,8,34
home_construction,2017-02-06,1,186.9,186.9,2,6
home_construction,2017-02-13,2,373.8,186.9,2,7
home_construction,2017-02-20,1,134.9,134.9,2,8
home_construction,2017-03-06,6,91.08,15.18,3,10
home_construction,2017-03-13,2,220.9,110.45,3,11
home_construction,2017-03-20,2,279.98,139.99,3,12
home_construction,2017-04-03,1,125.0,125.0,4,14
home_construction,2017-04-10,1,620.1,620.1,4,15
home_construction,2017-04-17,2,760.09,380.045,4,16
home_construction,2017-04-24,1,97.5,97.5,4,17
home_construction,2017-05-01,1,620.1,620.1,5,18
home_construction,2017-05-08,1,125.0,125.0,5,19
home_construction,2017-05-15,4,847.5,211.875,5,20
home_construction,2017-05-22,1,27.9,27.9,5,21
home_construction,2017-05-29,5,1228.5,245.7,5,22
home_construction,2017-06-12,1,59.8,59.8,6,24
home_construction,2017-06-26,2,704.0,352.0,6,26
home_construction,2017-07-24,2,93.6,46.8,7,30
home_construction,2017-08-14,1,124.8,124.8,8,33
home_construction,2017-09-04,1,120.0,120.0,9,36
home_construction,2017-09-11,7,877.81,125.40142857142857,9,37
home_construction,2017-09-18,1,29.1,29.1,9,38
home_construction,2017-09-25,2,330.9,165.45,9,39
home_construction,2017-10-02,5,690.13,138.026,10,40
home_construction,2017-10-09,7,1862.18,266.0257142857143,10,41
home_construction,2017-10-16,2,587.3199999999999,293.65999999999997,10,42
home_construction,2017-10-23,4,1061.54,265.385,10,43
home_construction,2017-10-30,1,65.9,65.9,10,44
home_construction,2017-11-06,3,233.9,77.96666666666667,11,45
home_construction,2017-11-13,8,1428.74,178.5925,11,46
home_construction,2017-11-20,19,1949.69,102.61526315789474,11,47
home_construction,2017-11-27,13,2720.19,209.2453846153846,11,48
home_construction,2017-12-04,11,1152.9,104.80909090909091,12,49
home_construction,2017-12-11,13,2675.55,205.81153846153848,12,50
home_construction,2017-12-18,4,631.15,157.7875,12,51
home_construction,2017-12-25,4,604.0,151.0,12,52
home_construction,2018-01-01,4,897.0,224.25,1,1
home_construction,2018-01-08,13,2908.98,223.7676923076923,1,2
home_construction,2018-01-15,10,605.25,60.525,1,3
home_construction,2018-01-22,11,604.3,54.93636363636363,1,4
home_construction,2018-01-29,5,1994.27,398.854,1,5
home_construction,2018-02-05,7,736.0,105.14285714285714,2,6
home_construction,2018-02-12,6,949.4,158.23333333333332,2,7
home_construction,2018-02-19,9,1465.29,162.81,2,8
home_construction,2018-02-26,19,1497.9399999999998,78.83894736842105,2,9
home_construction,2018-03-05,4,552.2,138.05,3,10
home_construction,2018-03-12,5,318.54999999999995,63.709999999999994,3,11
home_construction,2018-03-19,15,1779.83,118.65533333333333,3,12
home_construction,2018-03-26,13,1915.18,147.32153846153847,3,13
home_construction,2018-04-02,17,2030.28,119.42823529411764,4,14
home_construction,2018-04-09,16,1348.31,84.269375,4,15
home_construction,2018-04-16,21,2600.48,123.83238095238096,4,16
home_construction,2018-04-23,20,3075.58,153.779,4,17
home_construction,2018-04-30,15,1536.3,102.42,4,18
home_construction,2018-05-07,17,2111.95,124.23235294117646,5,19
home_construction,2018-05-14,16,2534.21,158.388125,5,20
home_construction,2018-05-21,18,2119.07,117.72611111111112,5,21
home_construction,2018-05-28,24,3747.09,156.12875,5,22
home_construction,2018-06-04,18,2248.95,124.94166666666666,6,23
home_construction,2018-06-11,16,2213.05,138.315625,6,24
home_construction,2018-06-18,16,1522.9,95.18125,6,25
home_construction,2018-06-25,13,1741.35,133.95,6,26
home_construction,2018-07-02,13,1539.3600000000001,118.4123076923077,7,27
home_construction,2018-07-09,11,1053.49,95.77181818181818,7,28
home_construction,2018-07-16,14,1625.85,116.13214285714285,7,29
home_construction,2018-07-23,18,1946.75,108.15277777777777,7,30
home_construction,2018-07-30,14,1883.43,134.53071428571428,7,31
home_construction,2018-08-06,23,2786.12,121.13565217391304,8,32
home_construction,2018-08-13,10,1105.55,110.55499999999999,8,33
home_construction,2018-08-20,3,670.8599999999999,223.61999999999998,8,34
housewares,2016-10-03,11,1254.08,114.00727272727272,10,40
housewares,2016-10-10,1,32.99,32.99,10,41
housewares,2017-01-09,2,518.89,259.445,1,2
housewares,2017-01-16,4,698.15,174.5375,1,3
housewares,2017-01-23,19,1399.6399999999999,73.66526315789473,1,4
housewares,2017-01-30,5,297.7,59.54,1,5
housewares,2017-02-06,26,8312.59,319.71500000000003,2,6
housewares,2017-02-13,18,1937.49,107.63833333333334,2,7
housewares,2017-02-20,18,768.96,42.72,2,8
housewares,2017-02-27,29,1831.74,63.163448275862066,2,9
housewares,2017-03-06,43,2287.4,53.1953488372093,3,10
housewares,2017-03-13,47,4008.03,85.27723404255319,3,11
housewares,2017-03-20,56,3692.84,65.94357142857143,3,12
housewares,2017-03-27,29,1410.55,48.63965517241379,3,13
housewares,2017-04-03,40,2595.43,64.88575,4,14
housewares,2017-04-10,23,1834.76,79.77217391304347,4,15
housewares,2017-04-17,27,2144.05,79.40925925925927,4,16
housewares,2017-04-24,76,5763.84,75.84,4,17
housewares,2017-05-01,63,3896.85,61.8547619047619,5,18
housewares,2017-05-08,45,2508.44,55.74311111111111,5,19
housewares,2017-05-15,94,7357.5,78.27127659574468,5,20
housewares,2017-05-22,57,4928.67,86.46789473684211,5,21
housewares,2017-05-29,78,5305.17,68.015,5,22
housewares,2017-06-05,66,5048.61,76.4940909090909,6,23
housewares,2017-06-12,64,4407.06,68.8603125,6,24
housewares,2017-06-19,83,5850.81,70.49168674698795,6,25
housewares,2017-06-26,87,6396.18,73.51931034482759,6,26
housewares,2017-07-03,53,4595.01,86.69830188679245,7,27
housewares,2017-07-10,50,3833.14,76.6628,7,28
housewares,2017-07-17,57,3930.3,68.95263157894738,7,29
housewares,2017-07-24,78,5218.08,66.89846153846153,7,30
housewares,2017-07-31,78,5456.48,69.95487179487179,7,31
housewares,2017-08-07,62,5843.36,94.24774193548386,8,32
housewares,2017-08-14,60,5373.71,89.56183333333334,8,33
housewares,2017-08-21,50,2911.04,58.2208,8,34
housewares,2017-08-28,77,7294.83,94.73805194805195,8,35
housewares,2017-09-04,47,4920.76,104.69702127659575,9,36
housewares,2017-09-11,80,4835.49,60.443625,9,37
housewares,2017-09-18,48,3649.52,76.03166666666667,9,38
housewares,2017-09-25,49,4751.41,96.96755102040817,9,39
housewares,2017-10-02,48,3330.86,69.39291666666666,10,40
housewares,2017-10-09,59,3225.97,54.67745762711864,10,41
housewares,2017-10-16,60,4627.4400000000005,77.12400000000001,10,42
housewares,2017-10-23,46,3424.26,74.4404347826087,10,43
housewares,2017-10-30,52,4447.35,85.52596153846154,10,44
housewares,2017-11-06,62,5065.32,81.69870967741934,11,45
housewares,2017-11-13,68,5757.84,84.67411764705882,11,46
housewares,2017-11-20,167,13951.02,83.53904191616766,11,47
housewares,2017-11-27,113,8407.21,74.40008849557522,11,48
housewares,2017-12-04,87,7132.97,81.98816091954023,12,49
housewares,2017-12-11,67,5379.2,80.2865671641791,12,50
housewares,2017-12-18,64,5813.09,90.82953125,12,51
housewares,2017-12-25,33,4141.15,125.48939393939393,12,52
housewares,2018-01-01,57,5720.86,100.3659649122807,1,1
housewares,2018-01-08,81,9810.9,121.12222222222222,1,2
housewares,2018-01-15,82,9790.72,119.3990243902439,1,3
housewares,2018-01-22,89,8109.59,91.11898876404494,1,4
housewares,2018-01-29,79,8314.76,105.25012658227848,1,5
housewares,2018-02-05,77,7635.49,99.1622077922078,2,6
housewares,2018-02-12,103,7935.85,77.04708737864078,2,7
housewares,2018-02-19,117,10266.03,87.74384615384616,2,8
housewares,2018-02-26,100,10129.83,101.2983,2,9
housewares,2018-03-05,96,9722.82,101.279375,3,10
housewares,2018-03-12,80,5965.97,74.574625,3,11
housewares,2018-03-19,111,8470.57,76.31144144144145,3,12
housewares,2018-03-26,75,6269.46,83.5928,3,13
housewares,2018-04-02,79,7386.79,93.50367088607595,4,14
housewares,2018-04-09,110,10709.039999999999,97.35490909090909,4,15
housewares,2018-04-16,118,11222.01,95.10177966101695,4,16
housewares,2018-04-23,126,12832.37,101.84420634920636,4,17
housewares,2018-04-30,137,14196.94,103.627299270073,4,18
housewares,2018-05-07,172,15770.64,91.68976744186047,5,19
housewares,2018-05-14,177,18598.15,105.07429378531074,5,20
housewares,2018-05-21,82,8224.53,100.29914634146343,5,21
housewares,2018-05-28,124,13856.68,111.74741935483871,5,22
housewares,2018-06-04,165,13021.64,78.9190303030303,6,23
housewares,2018-06-11,128,14062.18,109.86078125,6,24
housewares,2018-06-18,112,10945.83,97.730625,6,25
housewares,2018-06-25,135,13696.7,101.45703703703704,6,26
housewares,2018-07-02,109,10706.4,98.22385321100917,7,27
housewares,2018-07-09,68,7938.66,116.745,7,28
housewares,2018-07-16,129,12456.59,96.56271317829457,7,29
housewares,2018-07-23,165,18206.48,110.34230303030303,7,30
housewares,2018-07-30,194,22421.65,115.57551546391754,7,31
housewares,2018-08-06,171,16924.16,98.97169590643274,8,32
housewares,2018-08-13,192,20656.56,107.58625,8,33
housewares,2018-08-20,108,8459.03,78.32435185185186,8,34
housewares,2018-08-27,21,1387.58,66.07523809523809,8,35
industry_commerce_and_business,2016-10-03,4,359.6,89.9,10,40
industry_commerce_and_business,2017-02-20,1,119.0,119.0,2,8
industry_commerce_and_business,2017-02-27,2,238.0,119.0,2,9
industry_commerce_and_business,2017-05-01,1,139.9,139.9,5,18
industry_commerce_and_business,2017-05-22,1,379.9,379.9,5,21
industry_commerce_and_business,2017-05-29,1,131.0,131.0,5,22
industry_commerce_and_business,2017-06-19,1,145.97,145.97,6,25
industry_commerce_and_business,2017-07-03,1,145.97,145.97,7,27
industry_commerce_and_business,2017-07-10,1,99.99,99.99,7,28
industry_commerce_and_business,2017-08-14,2,837.9,418.95,8,33
industry_commerce_and_business,2017-08-21,1,119.0,119.0,8,34
industry_commerce_and_business,2017-09-11,1,109.99,109.99,9,37
industry_commerce_and_business,2017-09-25,1,109.99,109.99,9,39
industry_commerce_and_business,2017-10-02,1,1699.99,1699.99,10,40
industry_commerce_and_business,2017-10-09,2,448.9,224.45,10,41
industry_commerce_and_business,2017-10-16,1,27.9,27.9,10,42
industry_commerce_and_business,2017-10-30,1,79.9,79.9,10,44
industry_commerce_and_business,2017-11-06,3,1164.8899999999999,388.2966666666666,11,45
industry_commerce_and_business,2017-11-13,1,699.99,699.99,11,46
industry_commerce_and_business,2017-11-27,2,129.99,64.995,11,48
industry_commerce_and_business,2017-12-04,1,745.0,745.0,12,49
industry_commerce_and_business,2017-12-11,3,427.8,142.6,12,50
industry_commerce_and_business,2017-12-18,2,259.8,129.9,12,51
industry_commerce_and_business,2017-12-25,3,395.9,131.96666666666667,12,52
industry_commerce_and_business,2018-01-01,6,526.1,87.68333333333334,1,1
industry_commerce_and_business,2018-01-08,6,620.3,103.38333333333333,1,2
industry_commerce_and_business,2018-01-15,3,1188.9,396.3,1,3
industry_commerce_and_business,2018-01-22,3,345.8,115.26666666666667,1,4
industry_commerce_and_business,2018-01-29,6,1352.6,225.4333333333333,1,5
industry_commerce_and_business,2018-02-05,6,501.9,83.64999999999999,2,6
industry_commerce_and_business,2018-02-12,11,1001.99,91.09,2,7
industry_commerce_and_business,2018-02-19,12,1219.7,101.64166666666667,2,8
industry_commerce_and_business,2018-02-26,4,815.4,203.85,2,9
industry_commerce_and_business,2018-03-05,6,615.0,102.5,3,10
industry_commerce_and_business,2018-03-12,3,287.0,95.66666666666667,3,11
industry_commerce_and_business,2018-03-19,8,872.45,109.05625,3,12
industry_commerce_and_business,2018-03-26,10,992.0,99.2,3,13
industry_commerce_and_business,2018-04-02,17,1723.47,101.38058823529411,4,14
industry_commerce_and_business,2018-04-09,9,791.0,87.88888888888889,4,15
industry_commerce_and_business,2018-04-16,7,795.0,113.57142857142857,4,16
industry_commerce_and_business,2018-04-23,16,1918.1399999999999,119.88374999999999,4,17
industry_commerce_and_business,2018-04-30,6,658.0,109.66666666666667,4,18
industry_commerce_and_business,2018-05-07,16,1659.0,103.6875,5,19
industry_commerce_and_business,2018-05-14,15,1204.0,80.26666666666667,5,20
industry_commerce_and_business,2018-05-21,3,329.99,109.99666666666667,5,21
industry_commerce_and_business,2018-05-28,7,723.0,103.28571428571429,5,22
industry_commerce_and_business,2018-06-04,7,633.9,90.55714285714285,6,23
industry_commerce_and_business,2018-06-11,4,296.0,74.0,6,24
industry_commerce_and_business,2018-06-18,4,684.0,171.0,6,25
industry_commerce_and_business,2018-06-25,8,666.0,83.25,6,26
industry_commerce_and_business,2018-07-02,3,3361.21,1120.4033333333334,7,27
industry_commerce_and_business,2018-07-09,2,114.0,57.0,7,28
industry_commerce_and_business,2018-07-16,8,827.0,103.375,7,29
industry_commerce_and_business,2018-07-30,1,395.0,395.0,7,31
industry_commerce_and_business,2018-08-06,4,459.8,114.95,8,32
industry_commerce_and_business,2018-08-13,2,254.99,127.495,8,33
industry_commerce_and_business,2018-08-20,4,1649.9,412.475,8,34
kitchen_dining_laundry_garden_furniture,2017-01-23,1,110.0,110.0,1,4
kitchen_dining_laundry_garden_furniture,2017-02-13,1,110.0,110.0,2,7
kitchen_dining_laundry_garden_furniture,2017-02-27,1,29.9,29.9,2,9
kitchen_dining_laundry_garden_furniture,2017-03-06,1,48.0,48.0,3,10
kitchen_dining_laundry_garden_furniture,2017-03-20,2,65.98,32.99,3,12
kitchen_dining_laundry_garden_furniture,2017-04-03,4,272.8,68.2,4,14
kitchen_dining_laundry_garden_furniture,2017-04-10,2,97.8,48.9,4,15
kitchen_dining_laundry_garden_furniture,2017-04-17,1,594.0,594.0,4,16
kitchen_dining_laundry_garden_furniture,2017-04-24,2,68.8,34.4,4,17
kitchen_dining_laundry_garden_furniture,2017-05-01,2,68.8,34.4,5,18
kitchen_dining_laundry_garden_furniture,2017-05-15,4,293.78,73.445,5,20
kitchen_dining_laundry_garden_furniture,2017-05-22,3,941.9,313.96666666666664,5,21
kitchen_dining_laundry_garden_furniture,2017-05-29,1,48.9,48.9,5,22
kitchen_dining_laundry_garden_furniture,2017-06-05,1,48.9,48.9,6,23
kitchen_dining_laundry_garden_furniture,2017-06-19,1,229.0,229.0,6,25
kitchen_dining_laundry_garden_furniture,2017-06-26,1,48.0,48.0,6,26
kitchen_dining_laundry_garden_furniture,2017-07-10,2,165.8,82.9,7,28
kitchen_dining_laundry_garden_furniture,2017-07-17,6,503.8,83.96666666666667,7,29
kitchen_dining_laundry_garden_furniture,2017-07-24,2,598.9,299.45,7,30
kitchen_dining_laundry_garden_furniture,2017-07-31,2,83.9,41.95,7,31
kitchen_dining_laundry_garden_furniture,2017-08-07,3,436.9,145.63333333333333,8,32
kitchen_dining_laundry_garden_furniture,2017-08-14,2,514.9,257.45,8,33
kitchen_dining_laundry_garden_furniture,2017-08-28,2,148.4,74.2,8,35
kitchen_dining_laundry_garden_furniture,2017-09-11,2,235.8,117.9,9,37
kitchen_dining_laundry_garden_furniture,2017-09-18,1,43.9,43.9,9,38
kitchen_dining_laundry_garden_furniture,2017-10-02,5,331.8,66.36,10,40
kitchen_dining_laundry_garden_furniture,2017-10-16,4,841.0,210.25,10,42
kitchen_dining_laundry_garden_furniture,2017-10-23,6,2115.9,352.65000000000003,10,43
kitchen_dining_laundry_garden_furniture,2017-10-30,2,367.9,183.95,10,44
kitchen_dining_laundry_garden_furniture,2017-11-06,8,1096.69,137.08625,11,45
kitchen_dining_laundry_garden_furniture,2017-11-13,4,216.7,54.175,11,46
kitchen_dining_laundry_garden_furniture,2017-11-20,16,2533.1,158.31875,11,47
kitchen_dining_laundry_garden_furniture,2017-11-27,6,1521.9,253.65,11,48
kitchen_dining_laundry_garden_furniture,2017-12-04,4,1067.9,266.975,12,49
kitchen_dining_laundry_garden_furniture,2017-12-11,3,743.88,247.96,12,50
kitchen_dining_laundry_garden_furniture,2017-12-18,7,1028.76,146.96571428571428,12,51
kitchen_dining_laundry_garden_furniture,2017-12-25,4,847.76,211.94,12,52
kitchen_dining_laundry_garden_furniture,2018-01-01,4,1267.9,316.975,1,1
kitchen_dining_laundry_garden_furniture,2018-01-08,3,496.8,165.6,1,2
kitchen_dining_laundry_garden_furniture,2018-01-15,3,589.0,196.33333333333334,1,3
kitchen_dining_laundry_garden_furniture,2018-01-22,6,966.9,161.15,1,4
kitchen_dining_laundry_garden_furniture,2018-01-29,11,3456.48,314.22545454545457,1,5
kitchen_dining_laundry_garden_furniture,2018-02-05,4,877.78,219.445,2,6
kitchen_dining_laundry_garden_furniture,2018-02-19,6,1251.9,208.65,2,8
kitchen_dining_laundry_garden_furniture,2018-02-26,4,931.9,232.975,2,9
kitchen_dining_laundry_garden_furniture,2018-03-05,1,44.88,44.88,3,10
kitchen_dining_laundry_garden_furniture,2018-03-12,3,1207.0,402.3333333333333,3,11
kitchen_dining_laundry_garden_furniture,2018-03-19,3,303.9,101.3,3,12
kitchen_dining_laundry_garden_furniture,2018-03-26,4,907.88,226.97,3,13
kitchen_dining_laundry_garden_furniture,2018-04-02,1,320.0,320.0,4,14
kitchen_dining_laundry_garden_furniture,2018-04-09,5,966.6899999999999,193.338,4,15
kitchen_dining_laundry_garden_furniture,2018-04-16,7,630.38,90.05428571428571,4,16
kitchen_dining_laundry_garden_furniture,2018-04-23,6,1193.5,198.91666666666666,4,17
kitchen_dining_laundry_garden_furniture,2018-04-30,4,725.8,181.45,4,18
kitchen_dining_laundry_garden_furniture,2018-05-07,1,145.0,145.0,5,19
kitchen_dining_laundry_garden_furniture,2018-05-14,4,1144.69,286.1725,5,20
kitchen_dining_laundry_garden_furniture,2018-05-21,4,294.6,73.65,5,21
kitchen_dining_laundry_garden_furniture,2018-05-28,4,842.99,210.7475,5,22
kitchen_dining_laundry_garden_furniture,2018-06-04,8,994.25,124.28125,6,23
kitchen_dining_laundry_garden_furniture,2018-06-11,4,523.9,130.975,6,24
kitchen_dining_laundry_garden_furniture,2018-06-18,8,557.49,69.68625,6,25
kitchen_dining_laundry_garden_furniture,2018-06-25,5,619.8,123.96,6,26
kitchen_dining_laundry_garden_furniture,2018-07-02,8,1142.7,142.8375,7,27
kitchen_dining_laundry_garden_furniture,2018-07-09,2,102.85000000000001,51.425000000000004,7,28
kitchen_dining_laundry_garden_furniture,2018-07-16,4,1288.7,322.175,7,29
kitchen_dining_laundry_garden_furniture,2018-07-23,6,619.8,103.3,7,30
kitchen_dining_laundry_garden_furniture,2018-07-30,9,1221.49,135.7211111111111,7,31
kitchen_dining_laundry_garden_furniture,2018-08-06,1,56.9,56.9,8,32
kitchen_dining_laundry_garden_furniture,2018-08-13,7,653.1800000000001,93.31142857142858,8,33
kitchen_dining_laundry_garden_furniture,2018-08-20,3,244.8,81.60000000000001,8,34
kitchen_dining_laundry_garden_furniture,2018-08-27,2,418.0,209.0,8,35
la_cuisine,2017-04-03,1,24.0,24.0,4,14
la_cuisine,2017-05-22,1,193.0,193.0,5,21
la_cuisine,2017-07-10,1,119.99,119.99,7,28
la_cuisine,2017-07-17,2,221.0,110.5,7,29
la_cuisine,2017-07-31,1,129.0,129.0,7,31
la_cuisine,2017-08-07,1,174.0,174.0,8,32
la_cuisine,2017-08-28,1,139.0,139.0,8,35
la_cuisine,2017-10-02,1,137.0,137.0,10,40
la_cuisine,2017-11-27,1,137.0,137.0,11,48
la_cuisine,2018-01-01,1,112.0,112.0,1,1
la_cuisine,2018-03-26,1,389.0,389.0,3,13
la_cuisine,2018-04-16,2,280.0,140.0,4,16
luggage_accessories,2017-01-23,3,382.7,127.56666666666666,1,4
luggage_accessories,2017-01-30,9,689.2,76.57777777777778,1,5
luggage_accessories,2017-02-06,8,655.2,81.9,2,6
luggage_accessories,2017-02-13,2,189.8,94.9,2,7
luggage_accessories,2017-02-20,3,234.79,78.26333333333334,2,8
luggage_accessories,2017-02-27,4,479.69,119.9225,2,9
luggage_accessories,2017-03-06,9,913.79,101.53222222222222,3,10
luggage_accessories,2017-03-13,8,1207.49,150.93625,3,11
luggage_accessories,2017-03-20,8,2147.94,268.4925,3,12
luggage_accessories,2017-03-27,11,1394.9,126.80909090909091,3,13
luggage_accessories,2017-04-03,11,1537.9,139.8090909090909,4,14
luggage_accessories,2017-04-10,10,1581.0,158.1,4,15
luggage_accessories,2017-04-17,11,1608.8999999999999,146.26363636363635,4,16
luggage_accessories,2017-04-24,14,2142.7,153.04999999999998,4,17
luggage_accessories,2017-05-01,10,2286.1,228.60999999999999,5,18
luggage_accessories,2017-05-08,11,1503.9,136.71818181818182,5,19
luggage_accessories,2017-05-15,21,3512.9,167.28095238095239,5,20
luggage_accessories,2017-05-22,19,4011.19,211.11526315789473,5,21
luggage_accessories,2017-05-29,20,2728.62,136.43099999999998,5,22
luggage_accessories,2017-06-05,14,2591.46,185.1042857142857,6,23
luggage_accessories,2017-06-12,14,1310.6,93.61428571428571,6,24
luggage_accessories,2017-06-19,9,1044.95,116.10555555555555,6,25
luggage_accessories,2017-06-26,14,1913.89,136.70642857142857,6,26
luggage_accessories,2017-07-03,17,2253.26,132.54470588235296,7,27
luggage_accessories,2017-07-10,21,2689.0,128.04761904761904,7,28
luggage_accessories,2017-07-17,11,1122.99,102.09,7,29
luggage_accessories,2017-07-24,18,1750.06,97.22555555555556,7,30
luggage_accessories,2017-07-31,15,1463.5,97.56666666666666,7,31
luggage_accessories,2017-08-07,22,2406.0,109.36363636363636,8,32
luggage_accessories,2017-08-14,11,1275.0,115.9090909090909,8,33
luggage_accessories,2017-08-21,11,849.9000000000001,77.26363636363637,8,34
luggage_accessories,2017-08-28,10,1100.03,110.003,8,35
luggage_accessories,2017-09-04,9,774.6,86.06666666666666,9,36
luggage_accessories,2017-09-11,10,1322.68,132.268,9,37
luggage_accessories,2017-09-18,13,1020.1700000000001,78.47461538461539,9,38
luggage_accessories,2017-09-25,7,481.2,68.74285714285715,9,39
luggage_accessories,2017-10-02,16,1720.68,107.5425,10,40
luggage_accessories,2017-10-09,11,1329.2,120.83636363636364,10,41
luggage_accessories,2017-10-16,14,1613.69,115.26357142857144,10,42
luggage_accessories,2017-10-23,13,1232.17,94.7823076923077,10,43
luggage_accessories,2017-10-30,12,1227.48,102.29,10,44
luggage_accessories,2017-11-06,14,1582.38,113.02714285714286,11,45
luggage_accessories,2017-11-13,20,3302.77,165.1385,11,46
luggage_accessories,2017-11-20,19,1715.73,90.30157894736843,11,47
luggage_accessories,2017-11-27,11,1094.0800000000002,99.4618181818182,11,48
luggage_accessories,2017-12-04,19,2695.01,141.8426315789474,12,49
luggage_accessories,2017-12-11,6,923.46,153.91,12,50
luggage_accessories,2017-12-18,4,473.79,118.4475,12,51
luggage_accessories,2017-12-25,13,1600.26,123.09692307692308,12,52
luggage_accessories,2018-01-01,13,2023.63,155.66384615384615,1,1
luggage_accessories,2018-01-08,28,3990.83,142.52964285714285,1,2
luggage_accessories,2018-01-15,43,7711.35,179.33372093023257,1,3
luggage_accessories,2018-01-22,29,3676.33,126.77,1,4
luggage_accessories,2018-01-29,18,2279.87,126.65944444444443,1,5
luggage_accessories,2018-02-05,14,1621.16,115.79714285714286,2,6
luggage_accessories,2018-02-12,15,1703.15,113.54333333333334,2,7
luggage_accessories,2018-02-19,10,1784.65,178.465,2,8
luggage_accessories,2018-02-26,6,624.09,104.015,2,9
luggage_accessories,2018-03-05,15,1851.15,123.41000000000001,3,10
luggage_accessories,2018-03-12,12,1531.33,127.61083333333333,3,11
luggage_accessories,2018-03-19,14,1498.21,107.015,3,12
luggage_accessories,2018-03-26,11,1324.89,120.44454545454546,3,13
luggage_accessories,2018-04-02,9,994.76,110.52888888888889,4,14
luggage_accessories,2018-04-09,14,1886.66,134.76142857142858,4,15
luggage_accessories,2018-04-16,15,2902.24,193.48266666666666,4,16
luggage_accessories,2018-04-23,16,1814.82,113.42625,4,17
luggage_accessories,2018-04-30,13,1503.53,115.65615384615384,4,18
luggage_accessories,2018-05-07,13,2373.9,182.6076923076923,5,19
luggage_accessories,2018-05-14,14,1773.96,126.71142857142857,5,20
luggage_accessories,2018-05-21,8,1018.24,127.28,5,21
luggage_accessories,2018-05-28,5,1320.73,264.146,5,22
luggage_accessories,2018-06-04,11,1309.78,119.07090909090908,6,23
luggage_accessories,2018-06-11,10,1215.0,121.5,6,24
luggage_accessories,2018-06-18,10,1201.7,120.17,6,25
luggage_accessories,2018-06-25,3,255.5,85.16666666666667,6,26
luggage_accessories,2018-07-02,8,349.55,43.69375,7,27
luggage_accessories,2018-07-09,10,955.36,95.536,7,28
luggage_accessories,2018-07-16,13,1242.14,95.54923076923077,7,29
luggage_accessories,2018-07-23,15,2503.7799999999997,166.91866666666664,7,30
luggage_accessories,2018-07-30,20,2090.64,104.532,7,31
luggage_accessories,2018-08-06,24,2595.12,108.13,8,32
luggage_accessories,2018-08-13,18,1719.65,95.53611111111111,8,33
luggage_accessories,2018-08-20,9,947.23,105.24777777777778,8,34
luggage_accessories,2018-08-27,1,18.0,18.0,8,35
market_place,2016-10-03,9,751.3000000000001,83.47777777777779,10,40
market_place,2016-10-10,2,163.99,81.995,10,41
market_place,2017-01-16,2,139.98,69.99,1,3
market_place,2017-01-23,1,224.16,224.16,1,4
market_place,2017-01-30,3,112.9,37.63333333333333,1,5
market_place,2017-02-06,6,178.68,29.78,2,6
market_place,2017-02-13,5,594.52,118.904,2,7
market_place,2017-02-20,6,378.32,63.053333333333335,2,8
market_place,2017-02-27,7,831.4000000000001,118.77142857142859,2,9
market_place,2017-03-06,7,938.4,134.05714285714285,3,10
market_place,2017-03-13,2,118.89000000000001,59.44500000000001,3,11
market_place,2017-03-20,2,259.8,129.9,3,12
market_place,2017-03-27,1,19.9,19.9,3,13
market_place,2017-04-03,6,2267.6,377.93333333333334,4,14
market_place,2017-04-10,1,28.99,28.99,4,15
market_place,2017-04-17,5,380.39,76.078,4,16
market_place,2017-04-24,7,1368.3,195.47142857142856,4,17
market_place,2017-05-01,5,691.3,138.26,5,18
market_place,2017-05-08,3,531.64,177.21333333333334,5,19
market_place,2017-05-15,9,682.58,75.84222222222223,5,20
market_place,2017-05-22,1,125.0,125.0,5,21
market_place,2017-05-29,6,696.26,116.04333333333334,5,22
market_place,2017-06-05,6,296.28999999999996,49.38166666666666,6,23
market_place,2017-06-12,2,189.8,94.9,6,24
market_place,2017-06-19,3,169.70000000000002,56.56666666666667,6,25
market_place,2017-06-26,3,353.36,117.78666666666668,6,26
market_place,2017-07-03,4,507.28999999999996,126.82249999999999,7,27
market_place,2017-07-10,3,404.89,134.96333333333334,7,28
market_place,2017-07-17,2,432.7,216.35,7,29
market_place,2017-07-24,3,128.6,42.86666666666667,7,30
market_place,2017-07-31,6,524.4,87.39999999999999,7,31
market_place,2017-08-07,6,651.62,108.60333333333334,8,32
market_place,2017-08-14,5,246.42000000000002,49.284000000000006,8,33
market_place,2017-08-21,6,585.86,97.64333333333333,8,34
market_place,2017-08-28,3,389.73,129.91,8,35
market_place,2017-09-04,2,104.89000000000001,52.44500000000001,9,36
market_place,2017-09-11,4,272.68,68.17,9,37
market_place,2017-09-18,2,349.0,174.5,9,38
market_place,2017-09-25,1,59.9,59.9,9,39
market_place,2017-10-02,1,62.8,62.8,10,40
market_place,2017-10-09,5,429.91999999999996,85.984,10,41
market_place,2017-10-16,1,109.9,109.9,10,42
market_place,2017-10-23,4,416.92,104.23,10,43
market_place,2017-10-30,4,461.69000000000005,115.42250000000001,10,44
market_place,2017-11-06,1,119.9,119.9,11,45
market_place,2017-11-13,4,79.89,19.9725,11,46
market_place,2017-11-20,6,514.5,85.75,11,47
market_place,2017-11-27,1,180.0,180.0,11,48
market_place,2017-12-04,5,143.62,28.724,12,49
market_place,2017-12-11,3,155.1,51.699999999999996,12,50
market_place,2017-12-18,5,284.63,56.926,12,51
market_place,2017-12-25,1,119.9,119.9,12,52
market_place,2018-01-01,2,55.86,27.93,1,1
market_place,2018-01-08,3,113.84,37.946666666666665,1,2
market_place,2018-01-15,5,221.19,44.238,1,3
market_place,2018-01-22,1,27.93,27.93,1,4
market_place,2018-01-29,4,464.9,116.225,1,5
market_place,2018-02-05,15,1028.67,68.578,2,6
market_place,2018-02-12,6,565.63,94.27166666666666,2,7
market_place,2018-02-19,6,261.62,43.60333333333333,2,8
market_place,2018-02-26,3,530.79,176.92999999999998,2,9
market_place,2018-03-05,4,414.70000000000005,103.67500000000001,3,10
market_place,2018-03-12,1,27.93,27.93,3,11
market_place,2018-03-19,5,388.6,77.72,3,12
market_place,2018-03-26,4,186.72,46.68,3,13
market_place,2018-04-02,2,34.9,17.45,4,14
market_place,2018-04-09,3,183.9,61.300000000000004,4,15
market_place,2018-04-16,5,255.69,51.138,4,16
market_place,2018-04-23,4,127.78999999999999,31.947499999999998,4,17
market_place,2018-04-30,3,135.85000000000002,45.28333333333334,4,18
market_place,2018-05-07,6,425.78000000000003,70.96333333333334,5,19
market_place,2018-05-14,3,302.89,100.96333333333332,5,20
market_place,2018-05-21,2,69.98,34.99,5,21
market_place,2018-05-28,1,47.9,47.9,5,22
market_place,2018-06-04,3,202.8,67.60000000000001,6,23
market_place,2018-06-11,2,55.86,27.93,6,24
market_place,2018-06-18,1,47.9,47.9,6,25
market_place,2018-06-25,1,249.9,249.9,6,26
market_place,2018-07-09,1,47.9,47.9,7,28
market_place,2018-07-23,3,138.88,46.29333333333333,7,30
market_place,2018-07-30,1,106.99,106.99,7,31
market_place,2018-08-06,2,278.69,139.345,8,32
market_place,2018-08-13,3,253.69000000000003,84.56333333333335,8,33
market_place,2018-08-20,2,309.9,154.95,8,34
music,2017-01-02,2,19.8,9.9,1,1
music,2017-03-06,1,27.99,27.99,3,10
music,2017-04-10,1,34.9,34.9,4,15
music,2017-04-24,1,24.9,24.9,4,17
music,2017-06-05,1,329.0,329.0,6,23
music,2017-06-19,1,79.9,79.9,6,25
music,2017-06-26,2,658.0,329.0,6,26
music,2017-07-03,1,329.0,329.0,7,27
music,2017-10-16,1,54.9,54.9,10,42
music,2018-01-08,1,24.97,24.97,1,2
music,2018-02-12,1,24.97,24.97,2,7
music,2018-02-19,1,220.0,220.0,2,8
music,2018-03-19,1,24.97,24.97,3,12
music,2018-03-26,1,299.0,299.0,3,13
music,2018-04-02,1,149.9,149.9,4,14
music,2018-04-09,1,10.99,10.99,4,15
music,2018-04-23,2,1385.97,692.985,4,17
music,2018-04-30,3,386.1,128.70000000000002,4,18
music,2018-05-07,2,440.0,220.0,5,19
music,2018-05-28,1,52.9,52.9,5,22
music,2018-06-11,2,105.23,52.615,6,24
music,2018-06-18,1,3.85,3.85,6,25
music,2018-07-02,1,763.5,763.5,7,27
music,2018-07-09,1,68.9,68.9,7,28
music,2018-07-16,1,16.9,16.9,7,29
music,2018-07-30,1,99.9,99.9,7,31
music,2018-08-06,3,84.61,28.203333333333333,8,32
music,2018-08-13,2,313.3,156.65,8,33
musical_instruments,2017-01-23,1,339.74,339.74,1,4
musical_instruments,2017-01-30,2,1587.72,793.86,1,5
musical_instruments,2017-02-06,3,263.9,87.96666666666665,2,6
musical_instruments,2017-02-13,2,131.8,65.9,2,7
musical_instruments,2017-02-20,1,199.0,199.0,2,8
musical_instruments,2017-02-27,3,568.86,189.62,2,9
musical_instruments,2017-03-06,2,434.79999999999995,217.39999999999998,3,10
musical_instruments,2017-03-13,2,340.74,170.37,3,11
musical_instruments,2017-03-20,1,17.99,17.99,3,12
musical_instruments,2017-03-27,4,666.55,166.6375,3,13
musical_instruments,2017-04-03,3,704.5699999999999,234.85666666666665,4,14
musical_instruments,2017-04-10,4,578.5699999999999,144.64249999999998,4,15
musical_instruments,2017-04-17,6,1724.7399999999998,287.45666666666665,4,16
musical_instruments,2017-04-24,2,487.79999999999995,243.89999999999998,4,17
musical_instruments,2017-05-01,7,2557.67,365.38142857142856,5,18
musical_instruments,2017-05-08,2,99.80000000000001,49.900000000000006,5,19
musical_instruments,2017-05-15,4,3049.6000000000004,762.4000000000001,5,20
musical_instruments,2017-05-22,5,2828.64,565.728,5,21
musical_instruments,2017-05-29,4,1235.53,308.8825,5,22
musical_instruments,2017-06-05,5,1359.59,271.918,6,23
musical_instruments,2017-06-12,3,1173.9,391.3,6,24
musical_instruments,2017-06-19,8,1723.8600000000001,215.48250000000002,6,25
musical_instruments,2017-06-26,2,603.9,301.95,6,26
musical_instruments,2017-07-03,4,257.70000000000005,64.42500000000001,7,27
musical_instruments,2017-07-10,7,3150.6,450.0857142857143,7,28
musical_instruments,2017-07-17,6,553.5,92.25,7,29
musical_instruments,2017-07-24,11,2075.79,188.70818181818183,7,30
musical_instruments,2017-07-31,6,2459.7,409.95,7,31
musical_instruments,2017-08-07,2,359.89,179.945,8,32
musical_instruments,2017-08-14,5,2300.7,460.14,8,33
musical_instruments,2017-08-21,6,991.7499999999999,165.29166666666666,8,34
musical_instruments,2017-08-28,11,4583.3099999999995,416.6645454545454,8,35
musical_instruments,2017-09-04,4,1312.8000000000002,328.20000000000005,9,36
musical_instruments,2017-09-11,6,1021.5,170.25,9,37
musical_instruments,2017-09-18,3,371.8,123.93333333333334,9,38
musical_instruments,2017-09-25,8,3440.5,430.0625,9,39
musical_instruments,2017-10-02,2,104.89000000000001,52.44500000000001,10,40
musical_instruments,2017-10-09,4,744.7,186.175,10,41
musical_instruments,2017-10-16,10,3132.77,313.277,10,42
musical_instruments,2017-10-23,3,2346.9,782.3000000000001,10,43
musical_instruments,2017-10-30,4,1852.82,463.205,10,44
musical_instruments,2017-11-06,8,797.59,99.69875,11,45
musical_instruments,2017-11-13,5,1717.9,343.58000000000004,11,46
musical_instruments,2017-11-20,19,8706.78,458.25157894736844,11,47
musical_instruments,2017-11-27,11,5105.7,464.1545454545454,11,48
musical_instruments,2017-12-04,11,1660.58,150.9618181818182,12,49
musical_instruments,2017-12-11,13,3021.07,232.39000000000001,12,50
musical_instruments,2017-12-18,7,2758.25,394.0357142857143,12,51
musical_instruments,2017-12-25,6,979.7,163.28333333333333,12,52
musical_instruments,2018-01-01,12,2326.4,193.86666666666667,1,1
musical_instruments,2018-01-08,16,4398.29,274.893125,1,2
musical_instruments,2018-01-15,7,3453.4900000000002,493.3557142857143,1,3
musical_instruments,2018-01-22,14,4823.5,344.5357142857143,1,4
musical_instruments,2018-01-29,11,1143.3899999999999,103.94454545454545,1,5
musical_instruments,2018-02-05,7,2359.6,337.0857142857143,2,6
musical_instruments,2018-02-12,13,2238.05,172.15769230769232,2,7
musical_instruments,2018-02-19,10,2974.79,297.479,2,8
musical_instruments,2018-02-26,9,802.5,89.16666666666667,2,9
musical_instruments,2018-03-05,11,2425.59,220.50818181818184,3,10
musical_instruments,2018-03-12,12,1334.23,111.18583333333333,3,11
musical_instruments,2018-03-19,20,3464.23,173.2115,3,12
musical_instruments,2018-03-26,8,1535.65,191.95625,3,13
musical_instruments,2018-04-02,15,4714.2,314.28,4,14
musical_instruments,2018-04-09,15,5997.7,399.84666666666664,4,15
musical_instruments,2018-04-16,14,3077.43,219.81642857142856,4,16
musical_instruments,2018-04-23,13,5262.08,404.7753846153846,4,17
musical_instruments,2018-04-30,11,5210.1900000000005,473.6536363636364,4,18
musical_instruments,2018-05-07,18,7274.5,404.1388888888889,5,19
musical_instruments,2018-05-14,20,4758.06,237.90300000000002,5,20
musical_instruments,2018-05-21,7,794.3,113.47142857142856,5,21
musical_instruments,2018-05-28,13,3623.94,278.7646153846154,5,22
musical_instruments,2018-06-04,10,4356.7,435.66999999999996,6,23
musical_instruments,2018-06-11,14,3825.53,273.25214285714287,6,24
musical_instruments,2018-06-18,5,1590.57,318.114,6,25
musical_instruments,2018-06-25,14,5541.1,395.79285714285714,6,26
musical_instruments,2018-07-09,12,3600.46,300.03833333333336,7,28
musical_instruments,2018-07-16,9,944.5799999999999,104.95333333333332,7,29
musical_instruments,2018-07-23,10,1149.11,114.91099999999999,7,30
musical_instruments,2018-07-30,12,6302.030000000001,525.1691666666667,7,31
musical_instruments,2018-08-06,18,2011.7,111.76111111111112,8,32
musical_instruments,2018-08-13,8,2143.8900000000003,267.98625000000004,8,33
musical_instruments,2018-08-20,5,369.5,73.9,8,34
office_furniture,2016-10-03,5,1123.91,224.782,10,40
office_furniture,2016-10-10,1,176.97,176.97,10,41
office_furniture,2017-01-23,4,559.56,139.89,1,4
office_furniture,2017-01-30,22,2960.16,134.55272727272725,1,5
office_furniture,2017-02-06,29,5193.21,179.07620689655172,2,6
office_furniture,2017-02-13,12,2098.61,174.8841666666667,2,7
office_furniture,2017-02-27,4,1369.75,342.4375,2,9
office_furniture,2017-03-06,19,3657.41,192.49526315789473,3,10
office_furniture,2017-03-13,30,3683.79,122.79299999999999,3,11
office_furniture,2017-03-20,15,2025.3400000000001,135.02266666666668,3,12
office_furniture,2017-03-27,16,2189.02,136.81375,3,13
office_furniture,2017-04-03,11,2555.41,232.30999999999997,4,14
office_furniture,2017-04-10,1,430.0,430.0,4,15
office_furniture,2017-04-17,13,1780.31,136.94692307692307,4,16
office_furniture,2017-04-24,26,3706.91,142.57346153846154,4,17
office_furniture,2017-05-01,12,2038.65,169.88750000000002,5,18
office_furniture,2017-05-08,28,4035.94,144.1407142857143,5,19
office_furniture,2017-05-15,7,918.93,131.2757142857143,5,20
office_furniture,2017-05-22,4,719.96,179.99,5,21
office_furniture,2017-05-29,10,1494.9,149.49,5,22
office_furniture,2017-06-05,6,941.85,156.975,6,23
office_furniture,2017-06-12,12,1701.75,141.8125,6,24
office_furniture,2017-06-19,18,2716.09,150.8938888888889,6,25
office_furniture,2017-06-26,11,1434.47,130.40636363636364,6,26
office_furniture,2017-07-03,24,3587.35,149.47291666666666,7,27
office_furniture,2017-07-10,24,3489.29,145.38708333333332,7,28
office_furniture,2017-07-17,28,4473.64,159.77285714285716,7,29
office_furniture,2017-07-24,34,4665.82,137.23,7,30
office_furniture,2017-07-31,13,2082.88,160.22153846153847,7,31
office_furniture,2017-08-07,17,3044.93,179.1135294117647,8,32
office_furniture,2017-08-14,16,2472.6800000000003,154.54250000000002,8,33
office_furniture,2017-08-21,6,1222.94,203.82333333333335,8,34
office_furniture,2017-08-28,17,3193.93,187.87823529411764,8,35
office_furniture,2017-09-04,10,1862.67,186.267,9,36
office_furniture,2017-09-11,8,1339.7,167.4625,9,37
office_furniture,2017-09-18,25,2863.02,114.5208,9,38
office_furniture,2017-09-25,11,1781.7,161.97272727272727,9,39
office_furniture,2017-10-02,19,3229.5,169.97368421052633,10,40
office_furniture,2017-10-09,21,3725.46,177.40285714285716,10,41
office_furniture,2017-10-16,21,4113.57,195.8842857142857,10,42
office_furniture,2017-10-23,29,4830.49,166.56862068965518,10,43
office_furniture,2017-10-30,35,5264.51,150.41457142857143,10,44
office_furniture,2017-11-06,18,3452.69,191.81611111111113,11,45
office_furniture,2017-11-13,30,5457.93,181.931,11,46
office_furniture,2017-11-20,13,2802.44,215.5723076923077,11,47
office_furniture,2017-11-27,22,3175.48,144.34,11,48
office_furniture,2017-12-04,20,2228.77,111.4385,12,49
office_furniture,2017-12-11,13,2228.12,171.39384615384614,12,50
office_furniture,2017-12-18,4,488.86,122.215,12,51
office_furniture,2017-12-25,4,984.6899999999999,246.17249999999999,12,52
office_furniture,2018-01-01,22,3422.7799999999997,155.58090909090907,1,1
office_furniture,2018-01-08,31,4691.42,151.33612903225807,1,2
office_furniture,2018-01-15,32,4479.64,139.98875,1,3
office_furniture,2018-01-22,44,5156.84,117.2009090909091,1,4
office_furniture,2018-01-29,41,5336.66,130.16243902439024,1,5
office_furniture,2018-02-05,26,4270.25,164.2403846153846,2,6
office_furniture,2018-02-12,7,2075.7,296.5285714285714,2,7
office_furniture,2018-02-19,15,2453.62,163.57466666666667,2,8
office_furniture,2018-02-26,63,9899.47,157.13444444444443,2,9
office_furniture,2018-03-05,55,8723.69,158.61254545454545,3,10
office_furniture,2018-03-12,41,5719.78,139.50682926829268,3,11
office_furniture,2018-03-19,30,4515.96,150.532,3,12
office_furniture,2018-03-26,45,7365.1,163.6688888888889,3,13
office_furniture,2018-04-02,31,4527.0,146.03225806451613,4,14
office_furniture,2018-04-09,26,4059.41,156.13115384615384,4,15
office_furniture,2018-04-16,39,5770.01,147.94897435897437,4,16
office_furniture,2018-04-23,32,5165.42,161.419375,4,17
office_furniture,2018-04-30,15,3053.08,203.53866666666667,4,18
office_furniture,2018-05-07,32,6378.99,199.3434375,5,19
office_furniture,2018-05-14,24,4109.53,171.23041666666666,5,20
office_furniture,2018-05-21,26,5898.55,226.8673076923077,5,21
office_furniture,2018-05-28,14,2585.54,184.68142857142857,5,22
office_furniture,2018-06-04,17,3109.35,182.9029411764706,6,23
office_furniture,2018-06-11,12,2050.2799999999997,170.85666666666665,6,24
office_furniture,2018-06-18,23,3686.83,160.29695652173913,6,25
office_furniture,2018-06-25,17,2089.2999999999997,122.89999999999998,6,26
office_furniture,2018-07-02,12,1554.67,129.55583333333334,7,27
office_furniture,2018-07-09,12,1969.6399999999999,164.13666666666666,7,28
office_furniture,2018-07-16,31,4711.13,151.97193548387096,7,29
office_furniture,2018-07-23,14,3237.54,231.25285714285715,7,30
office_furniture,2018-07-30,19,3570.92,187.94315789473686,7,31
office_furniture,2018-08-06,15,2627.85,175.19,8,32
office_furniture,2018-08-13,5,1499.6,299.91999999999996,8,33
office_furniture,2018-08-20,1,99.9,99.9,8,34
office_furniture,2018-08-27,1,712.9,712.9,8,35
party_supplies,2017-07-24,1,69.9,69.9,7,30
party_supplies,2017-09-11,2,269.8,134.9,9,37
party_supplies,2017-10-09,1,67.9,67.9,10,41
party_supplies,2017-10-23,1,69.9,69.9,10,43
party_supplies,2017-11-13,2,279.5,139.75,11,46
party_supplies,2017-11-27,1,571.2,571.2,11,48
party_supplies,2017-12-04,1,257.6,257.6,12,49
party_supplies,2017-12-11,1,257.6,257.6,12,50
party_supplies,2018-01-15,1,67.9,67.9,1,3
party_supplies,2018-01-22,1,67.9,67.9,1,4
party_supplies,2018-02-26,4,463.7,115.925,2,9
party_supplies,2018-03-05,1,219.0,219.0,3,10
party_supplies,2018-03-26,1,231.2,231.2,3,13
party_supplies,2018-04-09,2,43.8,21.9,4,15
party_supplies,2018-05-07,1,40.0,40.0,5,19
party_supplies,2018-05-21,1,16.9,16.9,5,21
party_supplies,2018-05-28,2,43.8,21.9,5,22
party_supplies,2018-06-04,1,16.9,16.9,6,23
party_supplies,2018-06-11,1,67.9,67.9,6,24
party_supplies,2018-07-09,1,35.0,35.0,7,28
party_supplies,2018-07-16,1,22.5,22.5,7,29
party_supplies,2018-07-30,4,219.39000000000001,54.847500000000004,7,31
party_supplies,2018-08-06,3,471.1,157.03333333333333,8,32
party_supplies,2018-08-13,4,419.9,104.975,8,33
party_supplies,2018-08-20,2,150.0,75.0,8,34
party_supplies,2018-08-27,1,24.9,24.9,8,35
perfumery,2016-10-03,28,4812.2,171.8642857142857,10,40
perfumery,2016-10-10,1,16.9,16.9,10,41
perfumery,2017-01-16,3,93.7,31.233333333333334,1,3
perfumery,2017-01-23,26,4349.4,167.28461538461536,1,4
perfumery,2017-01-30,22,1920.8,87.30909090909091,1,5
perfumery,2017-02-06,14,3367.6,240.54285714285714,2,6
perfumery,2017-02-13,8,1586.3899999999999,198.29874999999998,2,7
perfumery,2017-02-20,7,1245.3899999999999,177.91285714285712,2,8
perfumery,2017-02-27,12,2000.17,166.68083333333334,2,9
perfumery,2017-03-06,19,3999.01,210.4742105263158,3,10
perfumery,2017-03-13,33,6550.92,198.51272727272726,3,11
perfumery,2017-03-20,30,5101.65,170.05499999999998,3,12
perfumery,2017-03-27,19,4084.5899999999997,214.97842105263157,3,13
perfumery,2017-04-03,30,7610.279999999999,253.67599999999996,4,14
perfumery,2017-04-10,22,3420.74,155.4881818181818,4,15
perfumery,2017-04-17,27,3513.3199999999997,130.12296296296296,4,16
perfumery,2017-04-24,17,3353.67,197.27470588235295,4,17
perfumery,2017-05-01,28,3643.57,130.1275,5,18
perfumery,2017-05-08,27,4076.91,150.99666666666667,5,19
perfumery,2017-05-15,38,5618.44,147.8536842105263,5,20
perfumery,2017-05-22,39,5317.6900000000005,136.35102564102564,5,21
perfumery,2017-05-29,33,4682.58,141.89636363636365,5,22
perfumery,2017-06-05,44,6308.46,143.3740909090909,6,23
perfumery,2017-06-12,35,6927.75,197.93571428571428,6,24
perfumery,2017-06-19,24,3665.56,152.73166666666665,6,25
perfumery,2017-06-26,28,4134.19,147.64964285714285,6,26
perfumery,2017-07-03,19,1651.9099999999999,86.94263157894736,7,27
perfumery,2017-07-10,33,3197.36,96.88969696969697,7,28
perfumery,2017-07-17,38,4084.02,107.47421052631579,7,29
perfumery,2017-07-24,25,3305.2000000000003,132.208,7,30
perfumery,2017-07-31,20,1771.12,88.556,7,31
perfumery,2017-08-07,23,2613.81,113.64391304347826,8,32
perfumery,2017-08-14,33,3759.91,113.93666666666667,8,33
perfumery,2017-08-21,34,3319.15,97.62205882352941,8,34
perfumery,2017-08-28,26,2518.75,96.875,8,35
perfumery,2017-09-04,33,3160.07,95.75969696969698,9,36
perfumery,2017-09-11,41,3688.31,89.95878048780487,9,37
perfumery,2017-09-18,43,3808.25,88.56395348837209,9,38
perfumery,2017-09-25,34,3144.89,92.49676470588236,9,39
perfumery,2017-10-02,33,3003.88,91.02666666666667,10,40
perfumery,2017-10-09,44,3849.69,87.49295454545455,10,41
perfumery,2017-10-16,48,3676.44,76.5925,10,42
perfumery,2017-10-23,44,4767.95,108.3625,10,43
perfumery,2017-10-30,28,2795.92,99.85428571428572,10,44
perfumery,2017-11-06,36,3973.13,110.36472222222223,11,45
perfumery,2017-11-13,57,5499.7,96.48596491228069,11,46
perfumery,2017-11-20,130,15083.91,116.03007692307692,11,47
perfumery,2017-11-27,93,8031.82,86.36365591397849,11,48
perfumery,2017-12-04,74,8839.03,119.44635135135135,12,49
perfumery,2017-12-11,66,7795.05,118.10681818181818,12,50
perfumery,2017-12-18,35,3636.55,103.90142857142858,12,51
perfumery,2017-12-25,30,3394.95,113.16499999999999,12,52
perfumery,2018-01-01,39,3008.53,77.14179487179487,1,1
perfumery,2018-01-08,51,4418.51,86.63745098039216,1,2
perfumery,2018-01-15,49,4979.15,101.61530612244897,1,3
perfumery,2018-01-22,62,5120.93,82.59564516129032,1,4
perfumery,2018-01-29,55,4618.93,83.98054545454546,1,5
perfumery,2018-02-05,49,5587.59,114.03244897959183,2,6
perfumery,2018-02-12,53,5870.94,110.77245283018867,2,7
perfumery,2018-02-19,48,3631.31,75.65229166666667,2,8
perfumery,2018-02-26,61,6269.62,102.78065573770492,2,9
perfumery,2018-03-05,49,4648.37,94.86469387755102,3,10
perfumery,2018-03-12,48,5098.32,106.21499999999999,3,11
perfumery,2018-03-19,47,4397.83,93.57085106382979,3,12
perfumery,2018-03-26,28,2814.98,100.535,3,13
perfumery,2018-04-02,46,4346.18,94.48217391304348,4,14
perfumery,2018-04-09,43,3594.13,83.58441860465116,4,15
perfumery,2018-04-16,33,4109.55,124.53181818181818,4,16
perfumery,2018-04-23,38,4251.6,111.8842105263158,4,17
perfumery,2018-04-30,53,5162.06,97.39735849056605,4,18
perfumery,2018-05-07,55,7648.68,139.0669090909091,5,19
perfumery,2018-05-14,57,7347.84,128.90947368421052,5,20
perfumery,2018-05-21,25,2723.35,108.934,5,21
perfumery,2018-05-28,31,5520.24,178.07225806451612,5,22
perfumery,2018-06-04,51,6708.03,131.53,6,23
perfumery,2018-06-11,60,8175.17,136.25283333333334,6,24
perfumery,2018-06-18,33,5535.84,167.75272727272727,6,25
perfumery,2018-06-25,25,3298.61,131.9444,6,26
perfumery,2018-07-02,39,3462.68,88.78666666666666,7,27
perfumery,2018-07-09,31,2462.08,79.42193548387097,7,28
perfumery,2018-07-16,51,5244.08,102.82509803921569,7,29
perfumery,2018-07-23,61,7959.45,130.4827868852459,7,30
perfumery,2018-07-30,70,7574.68,108.20971428571428,7,31
perfumery,2018-08-06,55,6045.54,109.9189090909091,8,32
perfumery,2018-08-13,51,6784.89,133.0370588235294,8,33
perfumery,2018-08-20,58,5872.51,101.25017241379311,8,34
perfumery,2018-08-27,1,79.8,79.8,8,35
pet_shop,2016-10-03,3,589.78,196.59333333333333,10,40
pet_shop,2016-10-10,1,99.9,99.9,10,41
pet_shop,2017-01-02,5,42.5,8.5,1,1
pet_shop,2017-01-09,1,7.9,7.9,1,2
pet_shop,2017-01-16,3,294.33,98.11,1,3
pet_shop,2017-01-23,5,454.39,90.878,1,4
pet_shop,2017-01-30,8,630.0,78.75,1,5
pet_shop,2017-02-06,10,665.3299999999999,66.53299999999999,2,6
pet_shop,2017-02-13,8,1210.27,151.28375,2,7
pet_shop,2017-02-20,7,739.78,105.68285714285715,2,8
pet_shop,2017-02-27,10,1411.8899999999999,141.189,2,9
pet_shop,2017-03-06,2,184.49,92.245,3,10
pet_shop,2017-03-13,15,3456.49,230.43266666666665,3,11
pet_shop,2017-03-20,17,3023.9700000000003,177.88058823529414,3,12
pet_shop,2017-03-27,8,622.6,77.825,3,13
pet_shop,2017-04-03,9,1673.96,185.99555555555557,4,14
pet_shop,2017-04-10,9,977.48,108.60888888888888,4,15
pet_shop,2017-04-17,13,1199.54,92.27230769230769,4,16
pet_shop,2017-04-24,18,2212.02,122.89,4,17
pet_shop,2017-05-01,20,2586.09,129.30450000000002,5,18
pet_shop,2017-05-08,16,3186.91,199.181875,5,19
pet_shop,2017-05-15,17,1113.63,65.50764705882354,5,20
pet_shop,2017-05-22,8,431.6,53.95,5,21
pet_shop,2017-05-29,21,1614.54,76.88285714285715,5,22
pet_shop,2017-06-05,23,1328.44,57.75826086956522,6,23
pet_shop,2017-06-12,9,1186.93,131.88111111111112,6,24
pet_shop,2017-06-19,11,1247.69,113.42636363636365,6,25
pet_shop,2017-06-26,13,695.9,53.53076923076923,6,26
pet_shop,2017-07-03,23,2107.96,91.6504347826087,7,27
pet_shop,2017-07-10,25,1522.6100000000001,60.9044,7,28
pet_shop,2017-07-17,20,1381.67,69.0835,7,29
pet_shop,2017-07-24,13,1166.7,89.74615384615385,7,30
pet_shop,2017-07-31,18,3515.94,195.33,7,31
pet_shop,2017-08-07,23,1918.33,83.40565217391304,8,32
pet_shop,2017-08-14,8,547.98,68.4975,8,33
pet_shop,2017-08-21,26,3150.38,121.16846153846154,8,34
pet_shop,2017-08-28,24,4035.69,168.15375,8,35
pet_shop,2017-09-04,20,1584.13,79.2065,9,36
pet_shop,2017-09-11,18,1944.21,108.01166666666667,9,37
pet_shop,2017-09-18,17,2043.35,120.1970588235294,9,38
pet_shop,2017-09-25,13,861.44,66.26461538461538,9,39
pet_shop,2017-10-02,20,3287.7,164.385,10,40
pet_shop,2017-10-09,14,1601.26,114.37571428571428,10,41
pet_shop,2017-10-16,20,1377.28,68.864,10,42
pet_shop,2017-10-23,14,1350.79,96.485,10,43
pet_shop,2017-10-30,8,1453.6599999999999,181.70749999999998,10,44
pet_shop,2017-11-06,17,1902.21,111.89470588235294,11,45
pet_shop,2017-11-13,18,2309.42,128.3011111111111,11,46
pet_shop,2017-11-20,36,3254.8,90.41111111111111,11,47
pet_shop,2017-11-27,32,3456.68,108.02125,11,48
pet_shop,2017-12-04,21,1868.05,88.95476190476191,12,49
pet_shop,2017-12-11,17,2039.96,119.99764705882353,12,50
pet_shop,2017-12-18,10,967.59,96.759,12,51
pet_shop,2017-12-25,13,1307.86,100.60461538461537,12,52
pet_shop,2018-01-01,21,3075.84,146.46857142857144,1,1
pet_shop,2018-01-08,27,3648.92,135.1451851851852,1,2
pet_shop,2018-01-15,19,1818.63,95.71736842105264,1,3
pet_shop,2018-01-22,17,1631.0900000000001,95.9464705882353,1,4
pet_shop,2018-01-29,16,1751.8700000000001,109.49187500000001,1,5
pet_shop,2018-02-05,22,2082.88,94.67636363636365,2,6
pet_shop,2018-02-12,30,2442.33,81.411,2,7
pet_shop,2018-02-19,23,2311.1600000000003,100.48521739130436,2,8
pet_shop,2018-02-26,34,3306.34,97.24529411764706,2,9
pet_shop,2018-03-05,14,1067.88,76.27714285714286,3,10
pet_shop,2018-03-12,31,3255.38,105.01225806451613,3,11
pet_shop,2018-03-19,37,4746.84,128.292972972973,3,12
pet_shop,2018-03-26,26,2867.78,110.29923076923077,3,13
pet_shop,2018-04-02,40,4242.570000000001,106.06425000000002,4,14
pet_shop,2018-04-09,39,4800.83,123.09820512820512,4,15
pet_shop,2018-04-16,37,4179.29,112.95378378378378,4,16
pet_shop,2018-04-23,39,4185.25,107.31410256410257,4,17
pet_shop,2018-04-30,30,3018.51,100.617,4,18
pet_shop,2018-05-07,41,3397.92,82.87609756097561,5,19
pet_shop,2018-05-14,36,2465.8,68.49444444444445,5,20
pet_shop,2018-05-21,22,2004.76,91.12545454545455,5,21
pet_shop,2018-05-28,26,4402.7,169.33461538461538,5,22
pet_shop,2018-06-04,46,4629.65,100.6445652173913,6,23
pet_shop,2018-06-11,46,4600.05,100.00108695652175,6,24
pet_shop,2018-06-18,36,4228.38,117.455,6,25
pet_shop,2018-06-25,43,3646.75,84.80813953488372,6,26
pet_shop,2018-07-02,27,3124.83,115.73444444444443,7,27
pet_shop,2018-07-09,22,2121.48,96.4309090909091,7,28
pet_shop,2018-07-16,46,4572.76,99.40782608695653,7,29
pet_shop,2018-07-23,40,6245.78,156.1445,7,30
pet_shop,2018-07-30,62,8063.2699999999995,130.05274193548385,7,31
pet_shop,2018-08-06,64,7836.5,122.4453125,8,32
pet_shop,2018-08-13,58,7448.9,128.42931034482757,8,33
pet_shop,2018-08-20,29,3626.72,125.05931034482758,8,34
security_and_services,2017-01-23,1,183.29,183.29,1,4
security_and_services,2017-09-11,1,100.0,100.0,9,37
signaling_and_security,2017-03-27,1,75.0,75.0,3,13
signaling_and_security,2017-04-03,2,99.07,49.535,4,14
signaling_and_security,2017-04-10,1,28.99,28.99,4,15
signaling_and_security,2017-05-08,1,5.95,5.95,5,19
signaling_and_security,2017-05-22,1,74.9,74.9,5,21
signaling_and_security,2017-05-29,2,428.0,214.0,5,22
signaling_and_security,2017-06-05,1,134.0,134.0,6,23
signaling_and_security,2017-07-10,2,268.0,134.0,7,28
signaling_and_security,2017-07-17,2,198.01,99.005,7,29
signaling_and_security,2017-07-24,1,9.9,9.9,7,30
signaling_and_security,2017-07-31,1,129.0,129.0,7,31
signaling_and_security,2017-08-07,1,89.9,89.9,8,32
signaling_and_security,2017-08-14,1,129.0,129.0,8,33
signaling_and_security,2017-08-21,1,29.9,29.9,8,34
signaling_and_security,2017-09-11,2,158.9,79.45,9,37
signaling_and_security,2017-09-18,6,163.5,27.25,9,38
signaling_and_security,2017-09-25,2,232.0,116.0,9,39
signaling_and_security,2017-10-02,3,348.0,116.0,10,40
signaling_and_security,2017-10-09,1,146.0,146.0,10,41
signaling_and_security,2017-10-16,4,18.0,4.5,10,42
signaling_and_security,2017-10-23,1,116.0,116.0,10,43
signaling_and_security,2017-11-06,4,559.0,139.75,11,45
signaling_and_security,2017-11-27,1,37.79,37.79,11,48
signaling_and_security,2017-12-11,1,100.0,100.0,12,50
signaling_and_security,2017-12-25,1,670.0,670.0,12,52
signaling_and_security,2018-01-01,2,118.89,59.445,1,1
signaling_and_security,2018-01-08,1,59.9,59.9,1,2
signaling_and_security,2018-01-15,4,770.0,192.5,1,3
signaling_and_security,2018-01-22,1,100.0,100.0,1,4
signaling_and_security,2018-02-05,3,168.99,56.330000000000005,2,6
signaling_and_security,2018-02-12,6,308.8,51.46666666666667,2,7
signaling_and_security,2018-02-19,4,64.0,16.0,2,8
signaling_and_security,2018-02-26,2,174.0,87.0,2,9
signaling_and_security,2018-03-05,4,375.1,93.775,3,10
signaling_and_security,2018-03-12,3,119.9,39.96666666666667,3,11
signaling_and_security,2018-03-19,1,358.0,358.0,3,12
signaling_and_security,2018-03-26,1,68.9,68.9,3,13
signaling_and_security,2018-04-02,3,93.8,31.266666666666666,4,14
signaling_and_security,2018-04-09,13,233.7,17.976923076923075,4,15
signaling_and_security,2018-04-16,7,183.37,26.195714285714285,4,16
signaling_and_security,2018-04-23,12,1561.53,130.1275,4,17
signaling_and_security,2018-04-30,6,558.5,93.08333333333333,4,18
signaling_and_security,2018-05-14,2,274.9,137.45,5,20
signaling_and_security,2018-05-28,6,2919.3999999999996,486.5666666666666,5,22
signaling_and_security,2018-06-04,6,1099.8,183.29999999999998,6,23
signaling_and_security,2018-06-11,7,724.19,103.4557142857143,6,24
signaling_and_security,2018-06-18,5,577.89,115.578,6,25
signaling_and_security,2018-06-25,3,541.9,180.63333333333333,6,26
signaling_and_security,2018-07-02,10,1990.8,199.07999999999998,7,27
signaling_and_security,2018-07-09,12,849.6899999999999,70.80749999999999,7,28
signaling_and_security,2018-07-16,2,360.0,180.0,7,29
signaling_and_security,2018-07-23,4,479.7,119.925,7,30
signaling_and_security,2018-07-30,5,539.88,107.976,7,31
signaling_and_security,2018-08-06,10,692.13,69.213,8,32
signaling_and_security,2018-08-13,5,515.7,103.14000000000001,8,33
signaling_and_security,2018-08-20,3,182.88,60.96,8,34
small_appliances,2017-01-09,2,474.99,237.495,1,2
small_appliances,2017-01-16,1,37.9,37.9,1,3
small_appliances,2017-01-23,1,839.0,839.0,1,4
small_appliances,2017-01-30,7,882.49,126.07000000000001,1,5
small_appliances,2017-02-06,13,2201.41,169.33923076923077,2,6
small_appliances,2017-02-13,5,1495.6799999999998,299.13599999999997,2,7
small_appliances,2017-02-20,3,441.9,147.29999999999998,2,8
small_appliances,2017-02-27,8,4413.72,551.715,2,9
small_appliances,2017-03-06,5,1370.7,274.14,3,10
small_appliances,2017-03-13,8,4369.79,546.22375,3,11
small_appliances,2017-03-20,7,2068.96,295.5657142857143,3,12
small_appliances,2017-03-27,7,8874.89,1267.8414285714284,3,13
small_appliances,2017-04-03,5,3900.5,780.1,4,14
small_appliances,2017-04-10,1,99.0,99.0,4,15
small_appliances,2017-04-17,8,11332.49,1416.56125,4,16
small_appliances,2017-04-24,4,394.99,98.7475,4,17
small_appliances,2017-05-01,1,360.0,360.0,5,18
small_appliances,2017-05-08,3,425.99,141.99666666666667,5,19
small_appliances,2017-05-15,6,1055.87,175.97833333333332,5,20
small_appliances,2017-05-22,5,1874.78,374.956,5,21
small_appliances,2017-05-29,7,3513.69,501.9557142857143,5,22
small_appliances,2017-06-05,4,870.38,217.595,6,23
small_appliances,2017-06-12,6,3587.67,597.945,6,24
small_appliances,2017-06-19,3,2440.99,813.6633333333333,6,25
small_appliances,2017-06-26,10,1009.67,100.967,6,26
small_appliances,2017-07-03,6,261.67,43.61166666666667,7,27
small_appliances,2017-07-10,10,1981.53,198.153,7,28
small_appliances,2017-07-17,6,632.88,105.48,7,29
small_appliances,2017-07-24,6,584.26,97.37666666666667,7,30
small_appliances,2017-07-31,11,624.26,56.75090909090909,7,31
small_appliances,2017-08-07,7,593.5600000000001,84.79428571428572,8,32
small_appliances,2017-08-14,9,1273.4,141.4888888888889,8,33
small_appliances,2017-08-21,8,758.79,94.84875,8,34
small_appliances,2017-08-28,6,1480.87,246.81166666666664,8,35
small_appliances,2017-09-04,5,871.08,174.216,9,36
small_appliances,2017-09-11,14,7224.19,516.0135714285714,9,37
small_appliances,2017-09-18,2,182.79,91.395,9,38
small_appliances,2017-09-25,6,1981.7,330.28333333333336,9,39
small_appliances,2017-10-02,6,1272.6000000000001,212.10000000000002,10,40
small_appliances,2017-10-09,11,2162.58,196.5981818181818,10,41
small_appliances,2017-10-16,7,1412.8799999999999,201.83999999999997,10,42
small_appliances,2017-10-23,6,1187.89,197.98166666666668,10,43
small_appliances,2017-10-30,3,436.4,145.46666666666667,10,44
small_appliances,2017-11-06,2,448.49,224.245,11,45
small_appliances,2017-11-13,6,1627.29,271.215,11,46
small_appliances,2017-11-20,15,2774.36,184.95733333333334,11,47
small_appliances,2017-11-27,10,2488.77,248.877,11,48
small_appliances,2017-12-04,9,3456.59,384.0655555555556,12,49
small_appliances,2017-12-11,7,1598.29,228.32714285714286,12,50
small_appliances,2017-12-18,3,1359.5,453.1666666666667,12,51
small_appliances,2017-12-25,2,561.9,280.95,12,52
small_appliances,2018-01-01,13,3432.5,264.03846153846155,1,1
small_appliances,2018-01-08,12,3988.31,332.3591666666667,1,2
small_appliances,2018-01-15,8,1103.31,137.91375,1,3
small_appliances,2018-01-22,14,4715.68,336.8342857142857,1,4
small_appliances,2018-01-29,14,1862.5900000000001,133.04214285714286,1,5
small_appliances,2018-02-05,7,1502.78,214.68285714285713,2,6
small_appliances,2018-02-12,7,1263.8,180.54285714285714,2,7
small_appliances,2018-02-19,7,1649.24,235.6057142857143,2,8
small_appliances,2018-02-26,14,4771.33,340.8092857142857,2,9
small_appliances,2018-03-05,9,3750.7000000000003,416.74444444444447,3,10
small_appliances,2018-03-12,12,9258.1,771.5083333333333,3,11
small_appliances,2018-03-19,9,2765.8,307.31111111111113,3,12
small_appliances,2018-03-26,10,5835.8,583.58,3,13
small_appliances,2018-04-02,24,7146.04,297.75166666666667,4,14
small_appliances,2018-04-09,23,6032.11,262.26565217391305,4,15
small_appliances,2018-04-16,16,4119.95,257.496875,4,16
small_appliances,2018-04-23,11,4581.65,416.51363636363635,4,17
small_appliances,2018-04-30,11,3132.27,284.7518181818182,4,18
small_appliances,2018-05-07,17,7434.73,437.3370588235294,5,19
small_appliances,2018-05-14,13,6677.36,513.6430769230769,5,20
small_appliances,2018-05-21,15,4490.2300000000005,299.3486666666667,5,21
small_appliances,2018-05-28,7,3916.09,559.4414285714286,5,22
small_appliances,2018-06-04,17,5299.82,311.7541176470588,6,23
small_appliances,2018-06-11,14,7694.38,549.5985714285714,6,24
small_appliances,2018-06-18,10,937.0,93.7,6,25
small_appliances,2018-06-25,8,2386.84,298.355,6,26
small_appliances,2018-07-02,13,2888.63,222.2023076923077,7,27
small_appliances,2018-07-09,7,4483.3,640.4714285714286,7,28
small_appliances,2018-07-16,20,3343.4,167.17000000000002,7,29
small_appliances,2018-07-23,13,1992.3,153.25384615384615,7,30
small_appliances,2018-07-30,12,2350.94,195.91166666666666,7,31
small_appliances,2018-08-06,11,2852.58,259.32545454545453,8,32
small_appliances,2018-08-13,13,2469.04,189.92615384615385,8,33
small_appliances,2018-08-20,7,1639.1100000000001,234.15857142857143,8,34
small_appliances_kitchen_preparers,2018-05-07,2,1958.0,979.0,5,19
small_appliances_kitchen_preparers,2018-07-16,3,72.41,24.136666666666667,7,29
small_appliances_kitchen_preparers,2018-07-23,5,99.62,19.924,7,30
small_appliances_kitchen_preparers,2018-08-06,2,1201.9,600.95,8,32
small_appliances_kitchen_preparers,2018-08-13,1,83.9,83.9,8,33
small_appliances_kitchen_preparers,2018-08-27,1,517.8,517.8,8,35
sports_leisure,2016-10-03,14,1872.27,133.73357142857142,10,40
sports_leisure,2016-10-10,3,139.88,46.626666666666665,10,41
sports_leisure,2017-01-09,7,823.6,117.65714285714286,1,2
sports_leisure,2017-01-16,20,1664.53,83.2265,1,3
sports_leisure,2017-01-23,39,5759.25,147.67307692307693,1,4
sports_leisure,2017-01-30,35,4034.16,115.26171428571428,1,5
sports_leisure,2017-02-06,58,4496.47,77.52534482758621,2,6
sports_leisure,2017-02-13,23,3736.84,162.4713043478261,2,7
sports_leisure,2017-02-20,29,3453.71,119.09344827586207,2,8
sports_leisure,2017-02-27,44,8703.28,197.8018181818182,2,9
sports_leisure,2017-03-06,36,3436.95,95.47083333333333,3,10
sports_leisure,2017-03-13,37,5253.7,141.9918918918919,3,11
sports_leisure,2017-03-20,53,5617.53,105.9911320754717,3,12
sports_leisure,2017-03-27,39,3940.08,101.0276923076923,3,13
sports_leisure,2017-04-03,49,6092.44,124.33551020408163,4,14
sports_leisure,2017-04-10,39,3442.38,88.26615384615386,4,15
sports_leisure,2017-04-17,45,5753.85,127.86333333333334,4,16
sports_leisure,2017-04-24,63,7103.3,112.75079365079365,4,17
sports_leisure,2017-05-01,78,9252.36,118.62,5,18
sports_leisure,2017-05-08,56,5166.75,92.26339285714286,5,19
sports_leisure,2017-05-15,85,10904.56,128.2889411764706,5,20
sports_leisure,2017-05-22,75,7763.67,103.5156,5,21
sports_leisure,2017-05-29,45,5985.85,133.0188888888889,5,22
sports_leisure,2017-06-05,68,8411.93,123.70485294117647,6,23
sports_leisure,2017-06-12,70,6832.39,97.60557142857144,6,24
sports_leisure,2017-06-19,47,6198.29,131.87851063829788,6,25
sports_leisure,2017-06-26,68,7574.24,111.38588235294117,6,26
sports_leisure,2017-07-03,74,7484.76,101.14540540540541,7,27
sports_leisure,2017-07-10,93,9099.56,97.8447311827957,7,28
sports_leisure,2017-07-17,75,6532.18,87.09573333333334,7,29
sports_leisure,2017-07-24,101,9717.91,96.2169306930693,7,30
sports_leisure,2017-07-31,88,9215.03,104.71625,7,31
sports_leisure,2017-08-07,98,11270.44,115.00448979591837,8,32
sports_leisure,2017-08-14,103,9249.31,89.79912621359223,8,33
sports_leisure,2017-08-21,92,8384.74,91.13847826086956,8,34
sports_leisure,2017-08-28,87,8301.23,95.41643678160919,8,35
sports_leisure,2017-09-04,88,10445.98,118.70431818181818,9,36
sports_leisure,2017-09-11,123,11251.19,91.47308943089432,9,37
sports_leisure,2017-09-18,118,14911.99,126.37279661016949,9,38
sports_leisure,2017-09-25,101,9516.09,94.21871287128712,9,39
sports_leisure,2017-10-02,116,13336.06,114.96603448275862,10,40
sports_leisure,2017-10-09,105,10366.19,98.72561904761905,10,41
sports_leisure,2017-10-16,110,12102.07,110.01881818181818,10,42
sports_leisure,2017-10-23,87,8373.630000000001,96.24862068965518,10,43
sports_leisure,2017-10-30,94,11131.3,118.41808510638297,10,44
sports_leisure,2017-11-06,101,11459.0,113.45544554455445,11,45
sports_leisure,2017-11-13,94,10339.7,109.9968085106383,11,46
sports_leisure,2017-11-20,222,21831.52,98.34018018018018,11,47
sports_leisure,2017-11-27,179,18970.26,105.9791061452514,11,48
sports_leisure,2017-12-04,159,18228.4,114.64402515723272,12,49
sports_leisure,2017-12-11,128,16287.86,127.24890625,12,50
sports_leisure,2017-12-18,83,10000.22,120.48457831325301,12,51
sports_leisure,2017-12-25,51,6465.41,126.77274509803921,12,52
sports_leisure,2018-01-01,98,11179.72,114.07877551020408,1,1
sports_leisure,2018-01-08,162,24354.62,150.33716049382716,1,2
sports_leisure,2018-01-15,147,18732.56,127.43238095238097,1,3
sports_leisure,2018-01-22,133,21203.73,159.42654135338344,1,4
sports_leisure,2018-01-29,174,18973.47,109.04293103448276,1,5
sports_leisure,2018-02-05,161,21866.4,135.816149068323,2,6
sports_leisure,2018-02-12,145,17234.08,118.85572413793105,2,7
sports_leisure,2018-02-19,166,15285.65,92.08222891566265,2,8
sports_leisure,2018-02-26,184,20977.93,114.01048913043478,2,9
sports_leisure,2018-03-05,182,24871.3,136.6554945054945,3,10
sports_leisure,2018-03-12,173,18439.68,106.58774566473988,3,11
sports_leisure,2018-03-19,157,15470.8,98.54012738853503,3,12
sports_leisure,2018-03-26,149,15476.13,103.86664429530201,3,13
sports_leisure,2018-04-02,158,17424.84,110.28379746835444,4,14
sports_leisure,2018-04-09,143,17034.22,119.1204195804196,4,15
sports_leisure,2018-04-16,114,12218.83,107.18271929824562,4,16
sports_leisure,2018-04-23,129,15517.960000000001,120.29426356589148,4,17
sports_leisure,2018-04-30,130,16961.52,130.47323076923078,4,18
sports_leisure,2018-05-07,146,16879.56,115.61342465753425,5,19
sports_leisure,2018-05-14,132,14660.52,111.06454545454545,5,20
sports_leisure,2018-05-21,56,6386.95,114.05267857142857,5,21
sports_leisure,2018-05-28,83,10182.85,122.68493975903615,5,22
sports_leisure,2018-06-04,77,7032.65,91.33311688311687,6,23
sports_leisure,2018-06-11,109,12013.35,110.21422018348625,6,24
sports_leisure,2018-06-18,107,11440.19,106.91766355140187,6,25
sports_leisure,2018-06-25,99,12408.37,125.33707070707071,6,26
sports_leisure,2018-07-02,113,12074.29,106.85212389380531,7,27
sports_leisure,2018-07-09,59,7194.41,121.93915254237288,7,28
sports_leisure,2018-07-16,104,11181.2,107.51153846153846,7,29
sports_leisure,2018-07-23,130,17518.66,134.75892307692308,7,30
sports_leisure,2018-07-30,146,13816.97,94.63678082191781,7,31
sports_leisure,2018-08-06,126,13377.03,106.16690476190476,8,32
sports_leisure,2018-08-13,149,19559.99,131.27510067114096,8,33
sports_leisure,2018-08-20,79,7200.34,91.14354430379747,8,34
sports_leisure,2018-08-27,16,1015.49,63.468125,8,35
stationery,2017-01-02,1,10.9,10.9,1,1
stationery,2017-01-16,10,881.39,88.139,1,3
stationery,2017-01-23,3,669.6999999999999,223.23333333333332,1,4
stationery,2017-01-30,5,819.5,163.9,1,5
stationery,2017-02-06,11,1198.01,108.91,2,6
stationery,2017-02-13,2,254.9,127.45,2,7
stationery,2017-02-20,1,68.99,68.99,2,8
stationery,2017-02-27,6,866.8,144.46666666666667,2,9
stationery,2017-03-06,15,1475.9,98.39333333333335,3,10
stationery,2017-03-13,11,1786.4,162.4,3,11
stationery,2017-03-20,8,522.15,65.26875,3,12
stationery,2017-03-27,19,1579.17,83.11421052631579,3,13
stationery,2017-04-03,8,537.04,67.13,4,14
stationery,2017-04-10,9,885.3,98.36666666666666,4,15
stationery,2017-04-17,6,1643.8,273.96666666666664,4,16
stationery,2017-04-24,9,1157.5,128.61111111111111,4,17
stationery,2017-05-01,18,1358.89,75.49388888888889,5,18
stationery,2017-05-08,13,1274.2,98.01538461538462,5,19
stationery,2017-05-15,15,1233.19,82.21266666666666,5,20
stationery,2017-05-22,13,1126.1000000000001,86.62307692307694,5,21
stationery,2017-05-29,9,976.4000000000001,108.4888888888889,5,22
stationery,2017-06-05,9,909.2900000000001,101.03222222222223,6,23
stationery,2017-06-12,8,763.79,95.47375,6,24
stationery,2017-06-19,10,634.49,63.449,6,25
stationery,2017-06-26,12,1329.0,110.75,6,26
stationery,2017-07-03,19,2092.27,110.11947368421052,7,27
stationery,2017-07-10,16,1102.97,68.935625,7,28
stationery,2017-07-17,14,1202.77,85.91214285714285,7,29
stationery,2017-07-24,21,1840.3400000000001,87.63523809523811,7,30
stationery,2017-07-31,15,1050.48,70.032,7,31
stationery,2017-08-07,22,1753.29,79.695,8,32
stationery,2017-08-14,19,1678.1599999999999,88.32421052631578,8,33
stationery,2017-08-21,21,1689.98,80.4752380952381,8,34
stationery,2017-08-28,10,660.8,66.08,8,35
stationery,2017-09-04,18,1486.57,82.58722222222222,9,36
stationery,2017-09-11,17,1098.3700000000001,64.61000000000001,9,37
stationery,2017-09-18,16,1268.39,79.274375,9,38
stationery,2017-09-25,25,2294.19,91.7676,9,39
stationery,2017-10-02,16,1223.12,76.445,10,40
stationery,2017-10-09,15,931.38,62.092,10,41
stationery,2017-10-16,24,1908.79,79.53291666666667,10,42
stationery,2017-10-23,24,1767.06,73.6275,10,43
stationery,2017-10-30,25,2549.11,101.96440000000001,10,44
stationery,2017-11-06,35,4023.38,114.95371428571428,11,45
stationery,2017-11-13,41,3693.46,90.08439024390243,11,46
stationery,2017-11-20,50,4736.79,94.7358,11,47
stationery,2017-11-27,57,6219.71,109.11771929824562,11,48
stationery,2017-12-04,51,5207.0,102.09803921568627,12,49
stationery,2017-12-11,62,6426.83,103.65854838709677,12,50
stationery,2017-12-18,54,5067.58,93.84407407407407,12,51
stationery,2017-12-25,47,4537.35,96.53936170212766,12,52
stationery,2018-01-01,107,11602.46,108.43420560747663,1,1
stationery,2018-01-08,129,13431.44,104.11968992248062,1,2
stationery,2018-01-15,77,7976.08,103.58545454545454,1,3
stationery,2018-01-22,51,5083.84,99.68313725490196,1,4
stationery,2018-01-29,45,3241.74,72.03866666666666,1,5
stationery,2018-02-05,34,2634.28,77.47882352941177,2,6
stationery,2018-02-12,22,1855.8600000000001,84.35727272727273,2,7
stationery,2018-02-19,39,2244.2,57.54358974358974,2,8
stationery,2018-02-26,50,3327.12,66.5424,2,9
stationery,2018-03-05,39,3265.59,83.73307692307692,3,10
stationery,2018-03-12,28,2451.41,87.55035714285714,3,11
stationery,2018-03-19,42,3042.78,72.44714285714286,3,12
stationery,2018-03-26,34,2613.9900000000002,76.88205882352942,3,13
stationery,2018-04-02,33,1965.96,59.57454545454546,4,14
stationery,2018-04-09,38,3863.26,101.66473684210527,4,15
stationery,2018-04-16,48,3298.73,68.72354166666666,4,16
stationery,2018-04-23,28,1872.7,66.88214285714285,4,17
stationery,2018-04-30,29,4102.35,141.46034482758623,4,18
stationery,2018-05-07,32,2764.14,86.379375,5,19
stationery,2018-05-14,36,3228.7200000000003,89.68666666666667,5,20
stationery,2018-05-21,21,1473.1200000000001,70.14857142857143,5,21
stationery,2018-05-28,26,2593.04,99.73230769230769,5,22
stationery,2018-06-04,54,3265.94,60.48037037037037,6,23
stationery,2018-06-11,45,3873.7799999999997,86.08399999999999,6,24
stationery,2018-06-18,34,3108.2400000000002,91.41882352941177,6,25
stationery,2018-06-25,25,2112.14,84.48559999999999,6,26
stationery,2018-07-02,28,2967.78,105.99214285714287,7,27
stationery,2018-07-09,27,2040.79,75.58481481481482,7,28
stationery,2018-07-16,47,5246.99,111.63808510638297,7,29
stationery,2018-07-23,57,3973.06,69.70280701754386,7,30
stationery,2018-07-30,69,6562.84,95.1136231884058,7,31
stationery,2018-08-06,52,4841.14,93.09884615384615,8,32
stationery,2018-08-13,45,3850.4300000000003,85.56511111111112,8,33
stationery,2018-08-20,29,2477.91,85.4451724137931,8,34
stationery,2018-08-27,1,61.9,61.9,8,35
tablets_printing_image,2017-01-30,2,198.0,99.0,1,5
tablets_printing_image,2017-02-06,2,198.0,99.0,2,6
tablets_printing_image,2017-02-20,4,396.0,99.0,2,8
tablets_printing_image,2017-02-27,1,99.0,99.0,2,9
tablets_printing_image,2017-03-13,1,99.0,99.0,3,11
tablets_printing_image,2017-03-20,1,99.0,99.0,3,12
tablets_printing_image,2017-03-27,4,449.99,112.4975,3,13
tablets_printing_image,2017-04-03,2,113.9,56.95,4,14
tablets_printing_image,2017-04-10,1,99.0,99.0,4,15
tablets_printing_image,2017-04-17,2,198.0,99.0,4,16
tablets_printing_image,2017-04-24,4,449.99,112.4975,4,17
tablets_printing_image,2017-05-01,2,198.0,99.0,5,18
tablets_printing_image,2017-05-08,2,988.99,494.495,5,19
tablets_printing_image,2017-05-22,3,327.99,109.33,5,21
tablets_printing_image,2017-05-29,3,297.0,99.0,5,22
tablets_printing_image,2017-06-05,2,198.0,99.0,6,23
tablets_printing_image,2017-06-12,1,99.0,99.0,6,24
tablets_printing_image,2017-06-26,1,99.0,99.0,6,26
tablets_printing_image,2017-07-03,1,99.0,99.0,7,27
tablets_printing_image,2017-07-31,1,99.0,99.0,7,31
tablets_printing_image,2017-08-07,1,14.9,14.9,8,32
tablets_printing_image,2017-08-21,3,227.99,75.99666666666667,8,34
tablets_printing_image,2017-08-28,1,109.0,109.0,8,35
tablets_printing_image,2017-09-04,1,35.9,35.9,9,36
tablets_printing_image,2017-09-11,1,99.0,99.0,9,37
tablets_printing_image,2017-09-25,1,99.0,99.0,9,39
tablets_printing_image,2017-10-02,1,99.0,99.0,10,40
tablets_printing_image,2017-10-30,1,89.9,89.9,10,44
tablets_printing_image,2017-11-13,1,14.9,14.9,11,46
tablets_printing_image,2017-11-20,4,245.60000000000002,61.400000000000006,11,47
tablets_printing_image,2017-11-27,1,69.9,69.9,11,48
tablets_printing_image,2017-12-04,3,209.70000000000002,69.9,12,49
tablets_printing_image,2017-12-11,2,139.8,69.9,12,50
tablets_printing_image,2018-01-08,1,54.9,54.9,1,2
tablets_printing_image,2018-01-15,1,54.9,54.9,1,3
tablets_printing_image,2018-01-22,1,52.0,52.0,1,4
tablets_printing_image,2018-01-29,2,109.8,54.9,1,5
tablets_printing_image,2018-02-05,2,106.9,53.45,2,6
tablets_printing_image,2018-02-12,5,268.78,53.75599999999999,2,7
tablets_printing_image,2018-02-19,3,156.0,52.0,2,8
tablets_printing_image,2018-02-26,2,106.98,53.49,2,9
tablets_printing_image,2018-03-12,2,205.8,102.9,3,11
tablets_printing_image,2018-04-23,1,52.0,52.0,4,17
tablets_printing_image,2018-05-14,1,49.9,49.9,5,20
tablets_printing_image,2018-06-04,1,50.0,50.0,6,23
telephony,2016-10-03,6,178.48999999999998,29.74833333333333,10,40
telephony,2016-10-10,2,49.8,24.9,10,41
telephony,2017-01-09,3,31.47,10.49,1,2
telephony,2017-01-16,2,21.87,10.935,1,3
telephony,2017-01-23,9,291.86,32.42888888888889,1,4
telephony,2017-01-30,26,2305.23,88.66269230769231,1,5
telephony,2017-02-06,32,2515.12,78.5975,2,6
telephony,2017-02-13,27,1127.77,41.76925925925926,2,7
telephony,2017-02-20,26,979.0,37.65384615384615,2,8
telephony,2017-02-27,21,674.63,32.125238095238096,2,9
telephony,2017-03-06,30,1175.27,39.175666666666665,3,10
telephony,2017-03-13,22,979.17,44.50772727272727,3,11
telephony,2017-03-20,56,2919.83,52.13982142857143,3,12
telephony,2017-03-27,46,2732.0099999999998,59.39152173913043,3,13
telephony,2017-04-03,36,2055.81,57.10583333333333,4,14
telephony,2017-04-10,22,678.42,30.837272727272726,4,15
telephony,2017-04-17,32,1723.28,53.8525,4,16
telephony,2017-04-24,45,2249.6,49.99111111111111,4,17
telephony,2017-05-01,51,1961.1299999999999,38.453529411764706,5,18
telephony,2017-05-08,44,1751.28,39.801818181818184,5,19
telephony,2017-05-15,51,1814.07,35.57,5,20
telephony,2017-05-22,45,1739.27,38.650444444444446,5,21
telephony,2017-05-29,43,2889.8900000000003,67.20674418604652,5,22
telephony,2017-06-05,53,1936.65,36.54056603773585,6,23
telephony,2017-06-12,43,2317.83,53.90302325581395,6,24
telephony,2017-06-19,23,638.48,27.76,6,25
telephony,2017-06-26,24,597.9,24.912499999999998,6,26
telephony,2017-07-03,29,1132.65,39.056896551724144,7,27
telephony,2017-07-10,25,1296.2,51.848,7,28
telephony,2017-07-17,35,3297.41,94.21171428571428,7,29
telephony,2017-07-24,41,2883.37,70.32609756097561,7,30
telephony,2017-07-31,38,2783.96,73.26210526315789,7,31
telephony,2017-08-07,27,2066.9900000000002,76.5551851851852,8,32
telephony,2017-08-14,31,2317.73,74.76548387096774,8,33
telephony,2017-08-21,28,2032.13,72.57607142857144,8,34
telephony,2017-08-28,35,3260.96,93.17028571428571,8,35
telephony,2017-09-04,52,6427.05,123.59711538461539,9,36
telephony,2017-09-11,46,5434.67,118.145,9,37
telephony,2017-09-18,25,2447.12,97.8848,9,38
telephony,2017-09-25,35,2471.61,70.61742857142858,9,39
telephony,2017-10-02,48,4330.02,90.20875000000001,10,40
telephony,2017-10-09,57,3576.1,62.738596491228066,10,41
telephony,2017-10-16,71,6721.62,94.67070422535211,10,42
telephony,2017-10-23,49,4159.13,84.88020408163266,10,43
telephony,2017-10-30,42,3897.38,92.79476190476191,10,44
telephony,2017-11-06,65,4418.47,67.97646153846154,11,45
telephony,2017-11-13,52,3229.54,62.10653846153846,11,46
telephony,2017-11-20,159,10891.61,68.50069182389937,11,47
telephony,2017-11-27,96,7986.2699999999995,83.19031249999999,11,48
telephony,2017-12-04,72,4453.03,61.84763888888889,12,49
telephony,2017-12-11,50,1982.84,39.6568,12,50
telephony,2017-12-18,52,1783.78,34.30346153846154,12,51
telephony,2017-12-25,57,2119.7799999999997,37.18912280701754,12,52
telephony,2018-01-01,65,2317.38,35.652,1,1
telephony,2018-01-08,82,2936.91,35.815975609756094,1,2
telephony,2018-01-15,90,3644.95,40.49944444444444,1,3
telephony,2018-01-22,83,4136.35,49.835542168674706,1,4
telephony,2018-01-29,92,2979.7799999999997,32.38891304347826,1,5
telephony,2018-02-05,96,4648.7699999999995,48.4246875,2,6
telephony,2018-02-12,91,3229.14,35.48505494505494,2,7
telephony,2018-02-19,98,3805.29,38.82948979591837,2,8
telephony,2018-02-26,64,2758.5299999999997,43.102031249999996,2,9
telephony,2018-03-05,69,4317.44,62.571594202898545,3,10
telephony,2018-03-12,75,5301.900000000001,70.69200000000001,3,11
telephony,2018-03-19,86,9410.47,109.42406976744185,3,12
telephony,2018-03-26,77,4124.77,53.56844155844156,3,13
telephony,2018-04-02,50,2350.07,47.001400000000004,4,14
telephony,2018-04-09,71,4128.6,58.14929577464789,4,15
telephony,2018-04-16,78,3951.27,50.65730769230769,4,16
telephony,2018-04-23,60,5046.6,84.11,4,17
telephony,2018-04-30,54,3863.5699999999997,71.5475925925926,4,18
telephony,2018-05-07,79,5984.77,75.75658227848102,5,19
telephony,2018-05-14,61,3572.91,58.57229508196721,5,20
telephony,2018-05-21,39,2179.27,55.87871794871795,5,21
telephony,2018-05-28,41,5427.92,132.38829268292682,5,22
telephony,2018-06-04,45,7656.799999999999,170.1511111111111,6,23
telephony,2018-06-11,61,5987.22,98.15114754098362,6,24
telephony,2018-06-18,58,4406.63,75.97637931034483,6,25
telephony,2018-06-25,37,3745.78,101.2372972972973,6,26
telephony,2018-07-02,35,2251.79,64.33685714285714,7,27
telephony,2018-07-09,31,2741.37,88.43129032258064,7,28
telephony,2018-07-16,61,10284.95,168.60573770491806,7,29
telephony,2018-07-23,61,6366.33,104.36606557377048,7,30
telephony,2018-07-30,98,13423.39,136.97336734693877,7,31
telephony,2018-08-06,105,14704.69,140.04466666666667,8,32
telephony,2018-08-13,62,8998.33,145.13435483870967,8,33
telephony,2018-08-20,35,3376.26,96.46457142857143,8,34
telephony,2018-08-27,3,63.48,21.16,8,35
toys,2016-10-03,22,3776.7,171.6681818181818,10,40
toys,2016-10-10,2,329.79999999999995,164.89999999999998,10,41
toys,2017-01-02,3,203.79000000000002,67.93,1,1
toys,2017-01-09,2,289.89,144.945,1,2
toys,2017-01-16,11,858.45,78.0409090909091,1,3
toys,2017-01-23,22,2764.09,125.64045454545455,1,4
toys,2017-01-30,15,2692.51,179.5006666666667,1,5
toys,2017-02-06,21,3420.23,162.86809523809524,2,6
toys,2017-02-13,17,1987.3600000000001,116.90352941176471,2,7
toys,2017-02-20,12,782.62,65.21833333333333,2,8
toys,2017-02-27,23,2524.36,109.75478260869566,2,9
toys,2017-03-06,23,3183.45,138.41086956521738,3,10
toys,2017-03-13,23,2320.8,100.90434782608696,3,11
toys,2017-03-20,20,2963.64,148.182,3,12
toys,2017-03-27,24,2964.4,123.51666666666667,3,13
toys,2017-04-03,33,3078.61,93.29121212121213,4,14
toys,2017-04-10,24,2551.91,106.32958333333333,4,15
toys,2017-04-17,22,2916.6400000000003,132.57454545454547,4,16
toys,2017-04-24,27,3797.88,140.66222222222223,4,17
toys,2017-05-01,36,4442.93,123.41472222222222,5,18
toys,2017-05-08,45,4375.4800000000005,97.2328888888889,5,19
toys,2017-05-15,46,4066.04,88.39217391304348,5,20
toys,2017-05-22,48,5962.87,124.22645833333333,5,21
toys,2017-05-29,46,5868.97,127.58630434782609,5,22
toys,2017-06-05,52,5206.99,100.13442307692307,6,23
toys,2017-06-12,33,3493.96,105.87757575757576,6,24
toys,2017-06-19,27,2618.79,96.99222222222222,6,25
toys,2017-06-26,32,2592.83,81.0259375,6,26
toys,2017-07-03,45,6277.38,139.49733333333333,7,27
toys,2017-07-10,50,5016.62,100.33239999999999,7,28
toys,2017-07-17,40,4332.17,108.30425,7,29
toys,2017-07-24,45,5645.33,125.45177777777778,7,30
toys,2017-07-31,54,5251.69,97.2535185185185,7,31
toys,2017-08-07,40,4123.67,103.09175,8,32
toys,2017-08-14,43,4074.3,94.75116279069768,8,33
toys,2017-08-21,30,3025.25,100.84166666666667,8,34
toys,2017-08-28,40,5295.61,132.39024999999998,8,35
toys,2017-09-04,55,3991.4300000000003,72.57145454545456,9,36
toys,2017-09-11,73,6873.14,94.15260273972603,9,37
toys,2017-09-18,74,8583.6,115.9945945945946,9,38
toys,2017-09-25,85,9239.710000000001,108.7024705882353,9,39
toys,2017-10-02,86,9378.12,109.0479069767442,10,40
toys,2017-10-09,71,9109.04,128.29633802816903,10,41
toys,2017-10-16,52,6735.05,129.5201923076923,10,42
toys,2017-10-23,51,5770.0199999999995,113.13764705882352,10,43
toys,2017-10-30,35,5467.48,156.21371428571427,10,44
toys,2017-11-06,56,6407.08,114.41214285714285,11,45
toys,2017-11-13,74,11570.199999999999,156.35405405405405,11,46
toys,2017-11-20,204,24683.71,120.99857843137255,11,47
toys,2017-11-27,209,25178.07,120.46923444976076,11,48
toys,2017-12-04,172,21016.59,122.18947674418605,12,49
toys,2017-12-11,105,12511.92,119.16114285714286,12,50
toys,2017-12-18,41,5805.0,141.58536585365854,12,51
toys,2017-12-25,35,5765.04,164.71542857142856,12,52
toys,2018-01-01,44,6542.17,148.68568181818182,1,1
toys,2018-01-08,40,6660.34,166.5085,1,2
toys,2018-01-15,32,4447.63,138.9884375,1,3
toys,2018-01-22,33,2851.04,86.39515151515151,1,4
toys,2018-01-29,29,2628.71,90.6451724137931,1,5
toys,2018-02-05,32,3107.9,97.121875,2,6
toys,2018-02-12,35,3394.73,96.99228571428571,2,7
toys,2018-02-19,32,2438.61,76.2065625,2,8
toys,2018-02-26,50,6198.12,123.9624,2,9
toys,2018-03-05,44,4582.05,104.1375,3,10
toys,2018-03-12,65,6024.9,92.69076923076922,3,11
toys,2018-03-19,50,5807.6,116.152,3,12
toys,2018-03-26,44,4847.65,110.17386363636363,3,13
toys,2018-04-02,49,5798.87,118.34428571428572,4,14
toys,2018-04-09,27,2486.31,92.08555555555556,4,15
toys,2018-04-16,55,5572.06,101.31018181818183,4,16
toys,2018-04-23,53,6707.22,126.55132075471698,4,17
toys,2018-04-30,55,6044.82,109.90581818181818,4,18
toys,2018-05-07,64,10754.42,168.0378125,5,19
toys,2018-05-14,56,9500.53,169.65232142857144,5,20
toys,2018-05-21,35,4089.88,116.85371428571429,5,21
toys,2018-05-28,41,6703.71,163.5051219512195,5,22
toys,2018-06-04,46,3589.86,78.0404347826087,6,23
toys,2018-06-11,50,6962.67,139.2534,6,24
toys,2018-06-18,35,3123.64,89.24685714285714,6,25
toys,2018-06-25,44,3925.87,89.22431818181818,6,26
toys,2018-07-02,34,3043.04,89.50117647058823,7,27
toys,2018-07-09,22,2434.83,110.6740909090909,7,28
toys,2018-07-16,42,3721.13,88.59833333333333,7,29
toys,2018-07-23,40,5885.79,147.14475,7,30
toys,2018-07-30,42,4078.31,97.10261904761904,7,31
toys,2018-08-06,52,5833.75,112.1875,8,32
toys,2018-08-13,45,4921.04,109.35644444444445,8,33
toys,2018-08-20,32,3092.38,96.636875,8,34
toys,2018-08-27,5,321.69,64.338,8,35
watches_gifts,2016-10-03,4,2711.0699999999997,677.7674999999999,10,40
watches_gifts,2017-01-02,1,149.0,149.0,1,1
watches_gifts,2017-01-09,3,1107.17,369.0566666666667,1,2
watches_gifts,2017-01-16,2,568.0,284.0,1,3
watches_gifts,2017-01-23,3,2820.4,940.1333333333333,1,4
watches_gifts,2017-01-30,10,4827.72,482.77200000000005,1,5
watches_gifts,2017-02-06,7,4878.97,696.9957142857144,2,6
watches_gifts,2017-02-13,3,756.3299999999999,252.10999999999999,2,7
watches_gifts,2017-02-20,8,1082.05,135.25625,2,8
watches_gifts,2017-02-27,16,5179.07,323.691875,2,9
watches_gifts,2017-03-06,16,2946.38,184.14875,3,10
watches_gifts,2017-03-13,29,11092.83,382.5113793103448,3,11
watches_gifts,2017-03-20,15,4325.52,288.36800000000005,3,12
watches_gifts,2017-03-27,17,6448.9800000000005,379.3517647058824,3,13
watches_gifts,2017-04-03,27,7735.03,286.4825925925926,4,14
watches_gifts,2017-04-10,12,3861.94,321.8283333333333,4,15
watches_gifts,2017-04-17,23,3219.82,139.99217391304347,4,16
watches_gifts,2017-04-24,26,6308.17,242.62192307692308,4,17
watches_gifts,2017-05-01,16,4083.2200000000003,255.20125000000002,5,18
watches_gifts,2017-05-08,32,7673.26,239.789375,5,19
watches_gifts,2017-05-15,33,12965.33,392.88878787878787,5,20
watches_gifts,2017-05-22,34,8899.48,261.7494117647059,5,21
watches_gifts,2017-05-29,30,9954.73,331.8243333333333,5,22
watches_gifts,2017-06-05,35,6642.36,189.7817142857143,6,23
watches_gifts,2017-06-12,25,6383.66,255.3464,6,24
watches_gifts,2017-06-19,30,5384.88,179.496,6,25
watches_gifts,2017-06-26,23,4091.88,177.90782608695653,6,26
watches_gifts,2017-07-03,21,7773.18,370.1514285714286,7,27
watches_gifts,2017-07-10,44,8836.06,200.81954545454545,7,28
watches_gifts,2017-07-17,43,6257.23,145.51697674418602,7,29
watches_gifts,2017-07-24,39,7395.56,189.6297435897436,7,30
watches_gifts,2017-07-31,54,11577.869999999999,214.40499999999997,7,31
watches_gifts,2017-08-07,37,6352.65,171.69324324324324,8,32
watches_gifts,2017-08-14,43,5202.4400000000005,120.98697674418605,8,33
watches_gifts,2017-08-21,49,7782.32,158.82285714285715,8,34
watches_gifts,2017-08-28,65,14566.49,224.09984615384616,8,35
watches_gifts,2017-09-04,54,8824.21,163.41129629629629,9,36
watches_gifts,2017-09-11,64,11664.96,182.265,9,37
watches_gifts,2017-09-18,67,9825.45,146.64850746268658,9,38
watches_gifts,2017-09-25,55,8527.2,155.04000000000002,9,39
watches_gifts,2017-10-02,54,11247.2,208.2814814814815,10,40
watches_gifts,2017-10-09,64,15070.4,235.475,10,41
watches_gifts,2017-10-16,99,21420.440000000002,216.36808080808083,10,42
watches_gifts,2017-10-23,70,12883.4,184.04857142857142,10,43
watches_gifts,2017-10-30,60,13246.58,220.77633333333333,10,44
watches_gifts,2017-11-06,98,21114.63,215.4554081632653,11,45
watches_gifts,2017-11-13,94,14533.54,154.61212765957447,11,46
watches_gifts,2017-11-20,163,37833.0,232.1042944785276,11,47
watches_gifts,2017-11-27,113,25165.05,222.69955752212388,11,48
watches_gifts,2017-12-04,79,17927.2,226.92658227848102,12,49
watches_gifts,2017-12-11,108,17967.91,166.36953703703705,12,50
watches_gifts,2017-12-18,65,10285.74,158.24215384615385,12,51
watches_gifts,2017-12-25,49,8943.82,182.5269387755102,12,52
watches_gifts,2018-01-01,60,11089.39,184.82316666666665,1,1
watches_gifts,2018-01-08,77,18680.79,242.60766233766236,1,2
watches_gifts,2018-01-15,78,14005.31,179.5552564102564,1,3
watches_gifts,2018-01-22,88,20939.36,237.94727272727275,1,4
watches_gifts,2018-01-29,97,18396.17,189.65123711340203,1,5
watches_gifts,2018-02-05,70,13629.0,194.7,2,6
watches_gifts,2018-02-12,65,10170.87,156.4749230769231,2,7
watches_gifts,2018-02-19,97,17104.32,176.33319587628867,2,8
watches_gifts,2018-02-26,97,22566.88,232.6482474226804,2,9
watches_gifts,2018-03-05,103,22450.19,217.96300970873784,3,10
watches_gifts,2018-03-12,112,23213.46,207.2630357142857,3,11
watches_gifts,2018-03-19,93,23273.760000000002,250.25548387096777,3,12
watches_gifts,2018-03-26,77,17595.48,228.51272727272726,3,13
watches_gifts,2018-04-02,91,18514.67,203.45791208791206,4,14
watches_gifts,2018-04-09,74,17498.65,236.46824324324325,4,15
watches_gifts,2018-04-16,110,18289.52,166.26836363636363,4,16
watches_gifts,2018-04-23,182,27515.370000000003,151.18335164835167,4,17
watches_gifts,2018-04-30,206,34765.96,168.76679611650485,4,18
watches_gifts,2018-05-07,222,40153.79,180.87292792792792,5,19
watches_gifts,2018-05-14,115,22651.41,196.96878260869565,5,20
watches_gifts,2018-05-21,61,11258.5,184.5655737704918,5,21
watches_gifts,2018-05-28,90,23553.3,261.7033333333333,5,22
watches_gifts,2018-06-04,90,16876.08,187.51200000000003,6,23
watches_gifts,2018-06-11,135,25475.57,188.70792592592593,6,24
watches_gifts,2018-06-18,117,18592.77,158.91256410256412,6,25
watches_gifts,2018-06-25,105,19934.88,189.85600000000002,6,26
watches_gifts,2018-07-02,85,14300.210000000001,168.23776470588237,7,27
watches_gifts,2018-07-09,120,24119.44,200.99533333333332,7,28
watches_gifts,2018-07-16,143,24943.06,174.42699300699303,7,29
watches_gifts,2018-07-23,113,20565.12,181.9922123893805,7,30
watches_gifts,2018-07-30,157,23341.54,148.67222929936307,7,31
watches_gifts,2018-08-06,121,23999.47,198.34272727272727,8,32
watches_gifts,2018-08-13,112,19639.37,175.35151785714285,8,33
watches_gifts,2018-08-20,60,8326.74,138.779,8,34
watches_gifts,2018-08-27,5,424.8,84.96000000000001,8,35
,2016-10-03,2,65.89,32.945,10,40
,2017-01-16,2,518.99,259.495,1,3
,2017-01-23,8,1061.39,132.67375,1,4
,2017-01-30,14,4849.18,346.37,1,5
,2017-02-06,23,2132.5099999999998,92.7178260869565,2,6
,2017-02-13,7,360.61,51.51571428571429,2,7
,2017-02-20,12,710.1700000000001,59.18083333333334,2,8
,2017-02-27,11,1417.49,128.86272727272728,2,9
,2017-03-06,18,2395.23,133.06833333333333,3,10
,2017-03-13,6,248.63,41.43833333333333,3,11
,2017-03-20,17,1250.1399999999999,73.53764705882352,3,12
,2017-03-27,18,2029.47,112.74833333333333,3,13
,2017-04-03,23,3518.64,152.98434782608695,4,14
,2017-04-10,8,1317.85,164.73125,4,15
,2017-04-17,11,995.0,90.45454545454545,4,16
,2017-04-24,19,2224.81,117.09526315789473,4,17
,2017-05-01,21,2669.76,127.13142857142859,5,18
,2017-05-08,16,4169.25,260.578125,5,19
,2017-05-15,21,1294.46,61.640952380952385,5,20
,2017-05-22,21,1483.68,70.65142857142857,5,21
,2017-05-29,31,3191.29,102.94483870967741,5,22
,2017-06-05,14,845.07,60.362142857142864,6,23
,2017-06-12,12,1347.26,112.27166666666666,6,24
,2017-06-19,7,300.48,42.925714285714285,6,25
,2017-06-26,8,506.89000000000004,63.361250000000005,6,26
,2017-07-03,12,565.68,47.13999999999999,7,27
,2017-07-10,12,914.0699999999999,76.1725,7,28
,2017-07-17,17,816.02,48.001176470588234,7,29
,2017-07-24,14,555.6899999999999,39.692142857142855,7,30
,2017-07-31,13,819.87,63.066923076923075,7,31
,2017-08-07,11,801.4300000000001,72.85727272727273,8,32
,2017-08-14,19,999.67,52.61421052631579,8,33
,2017-08-21,20,1527.26,76.363,8,34
,2017-08-28,23,1722.21,74.87869565217392,8,35
,2017-09-04,18,1311.15,72.84166666666667,9,36
,2017-09-11,21,1905.3,90.72857142857143,9,37
,2017-09-18,12,1201.58,100.13166666666666,9,38
,2017-09-25,12,483.13,40.26083333333333,9,39
,2017-10-02,23,3137.01,136.3917391304348,10,40
,2017-10-09,22,5794.76,263.39818181818185,10,41
,2017-10-16,8,2598.0299999999997,324.75374999999997,10,42
,2017-10-23,12,4677.969999999999,389.83083333333326,10,43
,2017-10-30,7,516.24,73.74857142857142,10,44
,2017-11-06,17,3978.38,234.02235294117648,11,45
,2017-11-13,28,4305.82,153.7792857142857,11,46
,2017-11-20,49,3567.5299999999997,72.80673469387754,11,47
,2017-11-27,26,2260.58,86.94538461538461,11,48
,2017-12-04,45,5572.37,123.83044444444444,12,49
,2017-12-11,26,2460.27,94.62576923076924,12,50
,2017-12-18,19,1845.1299999999999,97.11210526315789,12,51
,2017-12-25,41,4891.4,119.30243902439024,12,52
,2018-01-01,40,3731.95,93.29875,1,1
,2018-01-08,40,5116.69,127.91725,1,2
,2018-01-15,69,6950.84,100.7368115942029,1,3
,2018-01-22,31,3614.18,116.58645161290322,1,4
,2018-01-29,27,3112.11,115.26333333333334,1,5
,2018-02-05,30,3540.83,118.02766666666666,2,6
,2018-02-12,39,4091.29,104.9048717948718,2,7
,2018-02-19,25,2397.87,95.9148,2,8
,2018-02-26,23,3228.2999999999997,140.36086956521737,2,9
,2018-03-05,46,4919.46,106.94478260869565,3,10
,2018-03-12,22,2616.2799999999997,118.92181818181817,3,11
,2018-03-19,32,3711.54,115.985625,3,12
,2018-03-26,21,3493.4599999999996,166.35523809523806,3,13
,2018-04-02,27,2406.15,89.11666666666667,4,14
,2018-04-09,27,3122.02,115.63037037037037,4,15
,2018-04-16,6,740.79,123.46499999999999,4,16
,2018-04-23,11,1454.97,132.27,4,17
,2018-04-30,10,497.52,49.751999999999995,4,18
,2018-05-07,13,962.55,74.04230769230769,5,19
,2018-05-14,13,1254.73,96.51769230769231,5,20
,2018-05-21,5,335.48,67.096,5,21
,2018-05-28,3,114.65,38.21666666666667,5,22
,2018-06-04,8,1247.9,155.9875,6,23
,2018-06-11,4,425.96000000000004,106.49000000000001,6,24
,2018-06-18,7,652.7800000000001,93.25428571428573,6,25
,2018-06-25,3,42.59,14.196666666666667,6,26
,2018-07-02,4,446.56999999999994,111.64249999999998,7,27
,2018-07-09,9,968.07,107.56333333333333,7,28
,2018-07-16,8,760.5300000000001,95.06625000000001,7,29
,2018-07-23,22,1390.17,63.18954545454546,7,30
,2018-07-30,9,1222.53,135.83666666666667,7,31
,2018-08-06,12,764.72,63.72666666666667,8,32
,2018-08-13,9,782.69,86.96555555555557,8,33
,2018-08-20,4,445.78,111.445,8,34
,2018-08-27,1,29.99,29.99,8,35
